Workbook

Sheet EXPAND CLONAL DATA
A1: CTRL D0 B | B1: CTRL D0 T | C1: CTRL D0 S | D1: CTRL D2 B | E1: CTRL D2 T | F1: CTRL D2 S | G1: EXP D2 B | H1: EXP D2 T | I1: EXP D2 S | J1: CTRL D4 B | K1: CTRL D4 T | L1: CTRL D4 S | M1: EXP D4 B | N1: EXP D4 T | O1: EXP D4 S | P1: CTRL D8 B | Q1: CTRL D8 T | R1: CTRL D8 S | S1: EXP D8 B | T1: EXP D8 T | U1: EXP D8 S | V1: CTRL D10 B | W1: CTRL D10 T | X1: CTRL D10 S | Y1: EXP D10 B | Z1: EXP D10 T | AA1: EXP D10 S | AB1: CTRL D14 B | AC1: CTRL D14 T | AD1: CTRL D14 S | AE1: EXP D14 B | AF1: EXP D14 T | AG1: EXP D14 S | AI1: CTRL D0 | AL1: distributions | BV1: cumulative distribution | CU1: fit | CV1: CTRL B | CW1: EXP B | CX1: =CV1 -> CTRL B | CY1: =CW1 -> EXP B | CZ1: 0.045 | DU1: 2 | DV1: =DU8 -> 0.97 | ET1: 2 | EU1: =ET8 -> 0.84 | GP1: =GP10 -> CTRL D2 B | GX1: =GX10 -> CTRL D4 B | HF1: =HF10 -> CTRL D8 B | HN1: =HN10 -> CTRL D10 B | HV1: =HV10 -> CTRL D14 B | IA1: dprob | IB1: 1 | IE1: =IE10 -> EXP D4 B | IJ1: dprob | IK1: 0.5 | IN1: =IN10 -> EXP D8 B | IS1: dprob | IT1: 0.5 | IW1: =IW10 -> EXP D10 B | JB1: dprob | JC1: 0.5 | JF1: =JF10 -> EXP D14 B | JK1: dprob | JL1: 0.5 | JP1: =JP10 -> EXP D14 T | JX1: proliferation rate
A2: 2 | B2: 2 | C2: =B2-A2 -> 0 | D2: 2 | E2: 2 | F2: =E2-D2 -> 0 | G2: 3 | H2: 3 | I2: =H2-G2 -> 0 | J2: 4 | K2: 4 | L2: =K2-J2 -> 0 | M2: 7 | N2: 7 | O2: =N2-M2 -> 0 | P2: 2 | Q2: 3 | R2: =Q2-P2 -> 1 | S2: 6 | T2: 8 | U2: =T2-S2 -> 2 | V2: 1 | W2: 1 | X2: =W2-V2 -> 0 | Y2: 2 | Z2: 2 | AA2: =Z2-Y2 -> 0 | AB2: 1 | AC2: 1 | AD2: =AC2-AB2 -> 0 | AE2: 16 | AF2: 30 | AG2: =AF2-AE2 -> 14 | AI2: BB | AJ2: =COUNTIFS(B$2:B$1000,2,A$2:A$1000,2) -> 57 | AL2: max | AM2: =MAX(A2:AF1000) -> 60 | BX2: CTRL B | BY2: CTRL T | BZ2: EXP B | CA2: EXP T | CE2: 1/l | CF2: =1/0.2289 -> 4.36872 | CI2: CTRL B | CJ2: CTRL T | CM2: EXP B | CN2: EXP T | CU2: 2 | CV2: =CB8 -> 0.77 | CW2: =CF8 -> 0.79 | CX2: =CI4 -> 1.7428571 | CY2: =CM4 -> 1.7922078 | CZ2: =1+CU2*CZ$1 -> 1.09 | DU2: 4 | DV2: =DZ8 -> 1.78 | ET2: 4 | EU2: =EY8 -> 0.91 | FQ2: distribution | IA2: dlr | IB2: 0.2 | IJ2: dlr | IK2: 0.35 | IS2: dlr | IT2: 0.29 | JB2: dlr | JC2: 0.09 | JK2: dlr | JL2: 0.053
A3: 2 | B3: 2 | C3: =B3-A3 -> 0 | D3: 1 | E3: 1 | F3: =E3-D3 -> 0 | G3: 2 | H3: 2 | I3: =H3-G3 -> 0 | J3: 5 | K3: 7 | L3: =K3-J3 -> 2 | M3: 3 | N3: 3 | O3: =N3-M3 -> 0 | P3: 4 | Q3: 6 | R3: =Q3-P3 -> 2 | S3: 8 | T3: 10 | U3: =T3-S3 -> 2 | V3: 1 | W3: 1 | X3: =W3-V3 -> 0 | Y3: 2 | Z3: 4 | AA3: =Z3-Y3 -> 2 | AB3: 3 | AC3: 3 | AD3: =AC3-AB3 -> 0 | AE3: 44 | AF3: 60 | AG3: =AF3-AE3 -> 16 | AI3: BS | AJ3: =COUNTIFS(B$2:B$1000,2,A$2:A$1000,1) -> 0 | AM3: time | AN3: 0 | AO3: 0 | AP3: 0 | AQ3: 2 | AR3: 2 | AS3: 2 | AT3: 2 | AU3: 2 | AV3: 2 | AW3: 4 | AX3: 4 | AY3: 4 | AZ3: 4 | BA3: 4 | BB3: 4 | BC3: 8 | BD3: 8 | BE3: 8 | BF3: 8 | BG3: 8 | BH3: 8 | BI3: 10 | BJ3: 10 | BK3: 10 | BL3: 10 | BM3: 10 | BN3: 10 | BO3: 14 | BP3: 14 | BQ3: 14 | BR3: 14 | BS3: 14 | BT3: 14 | BW3: 0 | BX3: =AN6 -> 142.43199 | BY3: =AO6 -> 142.43199 | CF3: =1/0.0785 -> 12.738854 | CH3: 0 | CI3: =AN4 -> 1.5391304 | CJ3: =AO4 -> 1.5391304 | CU3: 4 | CV3: =CK8 -> 1.17 | CW3: =CO8 -> 2.08 | CX3: =CI5 -> 2.2867647 | CY3: =CM5 -> 3.0456853 | CZ3: =1+CU3*CZ$1 -> 1.18 | DU3: 8 | DV3: =EE8 -> 2.29 | ET3: 8 | EU3: =FD8 -> 1.05 | FQ3: =AM3 -> time | FR3: =AN3 -> 0 | FS3: =AO3 -> 0 | FT3: =AQ3 -> 2 | FU3: =AR3 -> 2 | FV3: =AT3 -> 2 | FW3: =AU3 -> 2 | FX3: =AW3 -> 4 | FY3: =AX3 -> 4 | FZ3: =AZ3 -> 4 | GA3: =BA3 -> 4 | GB3: =BC3 -> 8 | GC3: =BD3 -> 8 | GD3: =BF3 -> 8 | GE3: =BG3 -> 8 | GF3: =BI3 -> 10 | GG3: =BJ3 -> 10 | GH3: =BL3 -> 10 | GI3: =BM3 -> 10 | GJ3: =BO3 -> 14 | GK3: =BP3 -> 14 | GL3: =BR3 -> 14 | GM3: =BS3 -> 14 | IA3: dasym | IB3: 0.52 | IJ3: dasym | IK3: 0.52 | IS3: dasym | IT3: 0.56 | JB3: dasym | JC3: 0.65 | JK3: dasym | JL3: 0.49 | JZ3: effective time | KA3: effective time
A4: 2 | B4: 2 | C4: =B4-A4 -> 0 | D4: 2 | E4: 2 | F4: =E4-D4 -> 0 | G4: 1 | H4: 1 | I4: =H4-G4 -> 0 | J4: 4 | K4: 4 | L4: =K4-J4 -> 0 | M4: 4 | N4: 4 | O4: =N4-M4 -> 0 | P4: 2 | Q4: 5 | R4: =Q4-P4 -> 3 | S4: 7 | T4: 10 | U4: =T4-S4 -> 3 | V4: 1 | W4: 1 | X4: =W4-V4 -> 0 | Y4: 6 | Z4: 10 | AA4: =Z4-Y4 -> 4 | AB4: 2 | AC4: 4 | AD4: =AC4-AB4 -> 2 | AE4: 10 | AF4: 14 | AG4: =AF4-AE4 -> 4 | AI4: SS | AJ4: =COUNTIFS(B$2:B$1000,2,A$2:A$1000,0) -> 0 | AM4: average | AN4: =AVERAGE(A2:A1000) -> 1.5391304 | AO4: =AVERAGE(B2:B1000) -> 1.5391304 | AP4: =AVERAGE(C2:C1000) -> 0 | AQ4: =AVERAGE(D2:D1000) -> 1.7428571 | AR4: =AVERAGE(E2:E1000) -> 1.8285714 | AS4: =AVERAGE(F2:F1000) -> 0.085714286 | AT4: =AVERAGE(G2:G1000) -> 1.7922078 | AU4: =AVERAGE(H2:H1000) -> 1.9134199 | ... BT4: =AVERAGE(AG2:AG1000) -> 5.2914573 | BW4: 2 | BX4: =AQ6 -> 152.85918 | BY4: =AR6 -> 160.37685 | BZ4: =AT6 -> 137.01645 | CA4: =AU6 -> 146.28327 | CE4: t0 | CF4: =0.52/0.2289 -> 2.2717344 | CH4: 2 | CI4: =AQ4 -> 1.7428571 | CJ4: =AR4 -> 1.8285714 | CM4: =AT4 -> 1.7922078 | CN4: =AU4 -> 1.9134199 | CQ4: =CJ4/CI4 -> 1.0491803 | CR4: =CN4/CM4 -> 1.0676329 | CU4: 8 | CV4: =CT8 -> 1.27 | CW4: =CX8 -> 2.42 | CX4: =CI6 -> 2.1949686 | CY4: =CM6 -> 3.5376884 | CZ4: =1+CU4*CZ$1 -> 1.36 | DU4: 10 | DV4: =EJ8 -> 4 | ET4: 10 | EU4: =FI8 -> 1.21 | FQ4: =AM4 -> average | FR4: =AN4 -> 1.5391304 | FS4: =AO4 -> 1.5391304 | FT4: =AQ4 -> 1.7428571 | FU4: =AR4 -> 1.8285714 | FV4: =AT4 -> 1.7922078 | FW4: =AU4 -> 1.9134199 | FX4: =AW4 -> 2.2867647 | FY4: =AX4 -> 2.7573529 | FZ4: =AZ4 -> 3.0456853 | GA4: =BA4 -> 3.6649746 | GB4: =BC4 -> 2.1949686 | GC4: =BD4 -> 3.0691824 | GD4: =BF4 -> 3.5376884 | GE4: =BG4 -> 6.0452261 | GF4: =BI4 -> 2.4315068 | GG4: =BJ4 -> 3.8082192 | GH4: =BL4 -> 5.3248408 | GI4: =BM4 -> 9.5541401 | GJ4: =BO4 -> 2.7384615 | GK4: =BP4 -> 4.8153846 | GL4: =BR4 -> 5.080402 | GM4: =BS4 -> 10.371859 | GP4: n0 | GQ4: 1.32 | GT4: average | GU4: =FT4 -> 1.7428571 | GX4: n0 | GY4: 1.32 | HB4: average | HC4: =FX4 -> 2.2867647 | HF4: n0 | HG4: 1.32 | HJ4: average | HK4: =GB4 -> 2.1949686 | HN4: n0 | HO4: 1.67 | HR4: average | HS4: =GF4 -> 2.4315068 | HV4: n0 | HW4: 2.26 | HZ4: average | IA4: =GJ4 -> 2.7384615 | IB4: 2.78 | IE4: n0 | IF4: 3 | II4: average | IJ4: =FZ4 -> 3.0456853 | IK4: 3.07 | IN4: n0 | IO4: 3.5 | IR4: average | IS4: =GD4 -> 3.5376884 | IT4: 3.52 | IW4: n0 | IX4: 5.2 | JA4: average | JB4: =GH4 -> 5.3248408 | JC4: 5.38 | JF4: n0 | JG4: 4.28 | JJ4: average | JK4: =GL4 -> 5.080402 | JL4: 5.09 | JP4: n0 | JQ4: 12.5 | JT4: average | JU4: =GM4 -> 10.371859 | JW4: 0 | JX4: 3.2 | JY4: 4 | JZ4: 0 | KA4: 0
A5: 1 | B5: 1 | C5: =B5-A5 -> 0 | D5: 1 | E5: 2 | F5: =E5-D5 -> 1 | G5: 1 | H5: 1 | I5: =H5-G5 -> 0 | J5: 2 | K5: 3 | L5: =K5-J5 -> 1 | M5: 2 | N5: 2 | O5: =N5-M5 -> 0 | P5: 2 | Q5: 4 | R5: =Q5-P5 -> 2 | S5: 3 | T5: 5 | U5: =T5-S5 -> 2 | V5: 3 | W5: 3 | X5: =W5-V5 -> 0 | Y5: 6 | Z5: 6 | AA5: =Z5-Y5 -> 0 | AB5: 2 | AC5: 8 | AD5: =AC5-AB5 -> 6 | AE5: 24 | AF5: 32 | AG5: =AF5-AE5 -> 8 | AM5: persistence | AN5: ='EXPAND PERSISTANCE'!A14 -> 92.540559 | AO5: =AN5 -> 92.540559 | AP5: =AO5 -> 92.540559 | AQ5: ='EXPAND PERSISTANCE'!B14 -> 87.706089 | AR5: =AQ5 -> 87.706089 | AS5: =AR5 -> 87.706089 | AT5: ='EXPAND PERSISTANCE'!C14 -> 76.45121 | AU5: =AT5 -> 76.45121 | AV5: =AU5 -> 76.45121 | AW5: ='EXPAND PERSISTANCE'!D14 -> 84.098068 | AX5: =AW5 -> 84.098068 | AY5: =AX5 -> 84.098068 | AZ5: ='EXPAND PERSISTANCE'!E14 -> 80.600055 | BA5: =AZ5 -> 80.600055 | BB5: =BA5 -> 80.600055 | BC5: ='EXPAND PERSISTANCE'!F14 -> 66.433793 | BD5: =BC5 -> 66.433793 | BE5: =BD5 -> 66.433793 | BF5: ='EXPAND PERSISTANCE'!G14 -> 68.900262 | BG5: =BF5 -> 68.900262 | BH5: =BG5 -> 68.900262 | BI5: ='EXPAND PERSISTANCE'!H14 -> 66.511783 | BJ5: =BI5 -> 66.511783 | BK5: =BJ5 -> 66.511783 | BL5: ='EXPAND PERSISTANCE'!I14 -> 56.408253 | BM5: =BL5 -> 56.408253 | BN5: =BM5 -> 56.408253 | BO5: ='EXPAND PERSISTANCE'!J14 -> 62.246988 | BP5: =BO5 -> 62.246988 | BQ5: =BP5 -> 62.246988 | BR5: ='EXPAND PERSISTANCE'!K14 -> 46.6853 | BS5: =BR5 -> 46.6853 | BT5: =BS5 -> 46.6853 | BW5: 4 | BX5: =AW6 -> 192.31249 | BY5: =AX6 -> 231.88806 | BZ5: =AZ6 -> 245.4824 | CA5: =BA6 -> 295.39716 | CE5: rho | CF5: 0.5 | CH5: 4 | CI5: =AW4 -> 2.2867647 | CJ5: =AX4 -> 2.7573529 | CM5: =AZ4 -> 3.0456853 | CN5: =BA4 -> 3.6649746 | CQ5: =CJ5/CI5 -> 1.2057878 | CR5: =CN5/CM5 -> 1.2033333 | CU5: 10 | CV5: =DC8 -> 1.37 | CW5: =DG8 -> 4 | CX5: =CI7 -> 2.4315068 | CY5: =CM7 -> 5.3248408 | CZ5: =1+CU5*CZ$1 -> 1.45 | DU5: 14 | DV5: =EO8 -> 3.65 | ET5: 14 | EU5: =FN8 -> 1.5 | FQ5: =AM5 -> persistence | FR5: =AN5 -> 92.540559 | FS5: =AO5 -> 92.540559 | FT5: =AQ5 -> 87.706089 | FU5: =AR5 -> 87.706089 | FV5: =AT5 -> 76.45121 | FW5: =AU5 -> 76.45121 | FX5: =AW5 -> 84.098068 | FY5: =AX5 -> 84.098068 | FZ5: =AZ5 -> 80.600055 | GA5: =BA5 -> 80.600055 | GB5: =BC5 -> 66.433793 | GC5: =BD5 -> 66.433793 | GD5: =BF5 -> 68.900262 | GE5: =BG5 -> 68.900262 | GF5: =BI5 -> 66.511783 | GG5: =BJ5 -> 66.511783 | GH5: =BL5 -> 56.408253 | GI5: =BM5 -> 56.408253 | GJ5: =BO5 -> 62.246988 | GK5: =BP5 -> 62.246988 | GL5: =BR5 -> 46.6853 | GM5: =BS5 -> 46.6853 | GP5: b | GQ5: 0.49 | GT5: m | GU5: =SUM(GU11:GU110)/100 -> 0.0057142857 | GX5: b | GY5: 0.49 | HB5: m | HC5: =SUM(HC11:HC110)/100 -> 0.30882353 | HF5: b | HG5: 0.49 | HJ5: m | HK5: =SUM(HK11:HK110)/100 -> 0.10691824 | HN5: b | HO5: 0.64 | HR5: m | HS5: =SUM(HS11:HS110)/100 -> 0.32876712 | HV5: b | HW5: 0.5 | HZ5: m | IA5: =SUM(IA11:IA110)/100 -> 0.3025641 | IB5: 0.32 | IE5: b | IF5: 0.32 | II5: m | IJ5: =SUM(IJ11:IJ110)/100 -> 0.086294416 | IK5: 0.082 | IN5: b | IO5: 0.37 | IR5: m | IS5: =SUM(IS11:IS110)/100 -> 0.1758794 | IT5: 0.16 | IW5: b | IX5: 0.59 | JA5: m | JB5: =SUM(JB11:JB110)/100 -> 0.51592357 | JC5: 0.52 | JF5: b | JG5: 0.735 | JJ5: m | JK5: =SUM(JK11:JK110)/100 -> 0.68844221 | JL5: 0.69 | JP5: b | JQ5: 0.68 | JT5: m | JU5: =SUM(JU11:JU110)/100 -> 0.61809045 | JW5: 1 | JX5: 3.2 | JY5: 4 | JZ5: =(JX5+JX4)/JX$4*($JW5-$JW4)/2+JZ4 -> 1 | KA5: =KA4+JY5/JY$4*(JW5-JW4) -> 1 | KB5: 0.17
A6: 1 | B6: 1 | C6: =B6-A6 -> 0 | D6: 1 | E6: 1 | F6: =E6-D6 -> 0 | G6: 1 | H6: 1 | I6: =H6-G6 -> 0 | J6: 3 | K6: 6 | L6: =K6-J6 -> 3 | M6: 1 | N6: 1 | O6: =N6-M6 -> 0 | P6: 1 | Q6: 2 | R6: =Q6-P6 -> 1 | S6: 3 | T6: 3 | U6: =T6-S6 -> 0 | V6: 1 | W6: 1 | X6: =W6-V6 -> 0 | Y6: 5 | Z6: 5 | AA6: =Z6-Y6 -> 0 | AB6: 4 | AC6: 8 | AD6: =AC6-AB6 -> 4 | AE6: 12 | AF6: 20 | AG6: =AF6-AE6 -> 8 | AI6: CTRL D2 | AM6: product | AN6: =AN4*AN5 -> 142.43199 | AO6: =AO4*AO5 -> 142.43199 | AP6: =AP4*AP5 -> 0 | AQ6: =AQ4*AQ5 -> 152.85918 | AR6: =AR4*AR5 -> 160.37685 | AS6: =AS4*AS5 -> 7.5176647 | AT6: =AT4*AT5 -> 137.01645 | AU6: =AU4*AU5 -> 146.28327 | ... BT6: =BT4*BT5 -> 247.03327 | BW6: 8 | BX6: =BC6 -> 145.82009 | BY6: =BD6 -> 203.89743 | BZ6: =BF6 -> 243.74766 | CA6: =BG6 -> 416.51767 | CE6: r | CF6: =0.0785*CF2*CF5 -> 0.17147226 | CG6: =1/CF6 -> 5.8318471 | CH6: 8 | CI6: =BC4 -> 2.1949686 | CJ6: =BD4 -> 3.0691824 | CM6: =BF4 -> 3.5376884 | CN6: =BG4 -> 6.0452261 | CQ6: =CJ6/CI6 -> 1.3982808 | CR6: =CN6/CM6 -> 1.7088068 | CU6: 14 | CV6: =DL8 -> 1.63 | CW6: =DP8 -> 3.53 | CX6: =CI8 -> 2.7384615 | CY6: =CM8 -> 5.080402 | CZ6: =1+CU6*CZ$1 -> 1.63 | FQ6: =AM6 -> product | FR6: =AN6 -> 142.43199 | FS6: =AO6 -> 142.43199 | FT6: =AQ6 -> 152.85918 | FU6: =AR6 -> 160.37685 | FV6: =AT6 -> 137.01645 | FW6: =AU6 -> 146.28327 | FX6: =AW6 -> 192.31249 | FY6: =AX6 -> 231.88806 | FZ6: =AZ6 -> 245.4824 | GA6: =BA6 -> 295.39716 | GB6: =BC6 -> 145.82009 | GC6: =BD6 -> 203.89743 | GD6: =BF6 -> 243.74766 | GE6: =BG6 -> 416.51767 | GF6: =BI6 -> 161.72386 | GG6: =BJ6 -> 253.29145 | GH6: =BL6 -> 300.36496 | GI6: =BM6 -> 538.93235 | GJ6: =BO6 -> 170.46098 | GK6: =BP6 -> 299.74319 | GL6: =BR6 -> 237.18009 | GM6: =BS6 -> 484.21336 | GP6: a | GQ6: =(EXP(2/GQ$4)-1)/(1+GQ$5+EXP(1/GQ$4)*(1-GQ$5))*100 -> 137.71432 | GX6: a | GY6: =(EXP(2/GY$4)-1)/(1+GY$5+EXP(1/GY$4)*(1-GY$5))*100 -> 137.71432 | HF6: a | HG6: =(EXP(2/HG$4)-1)/(1+HG$5+EXP(1/HG$4)*(1-HG$5))*100 -> 137.71432 | HN6: a | HO6: =(EXP(2/HO$4)-1)/(1+HO$5+EXP(1/HO$4)*(1-HO$5))*100 -> 100.74053 | HV6: a | HW6: =(EXP(2/HW$4)-1)/(1+HW$5+EXP(1/HW$4)*(1-HW$5))*100 -> 62.454017 | IE6: a | IF6: =(EXP(2/IF$4)-1)/(1+IF$5+EXP(1/IF$4)*(1-IF$5))*100 -> 41.768496 | IN6: a | IO6: =(EXP(2/IO$4)-1)/(1+IO$5+EXP(1/IO$4)*(1-IO$5))*100 -> 34.90368 | IW6: a | IX6: =(EXP(2/IX$4)-1)/(1+IX$5+EXP(1/IX$4)*(1-IX$5))*100 -> 22.475476 | JF6: a | JG6: =(EXP(2/JG$4)-1)/(1+JG$5+EXP(1/JG$4)*(1-JG$5))*100 -> 28.77954 | JP6: a | JQ6: =(EXP(2/JQ$4)-1)/(1+JQ$5+EXP(1/JQ$4)*(1-JQ$5))*100 -> 8.5614542 | JW6: 2 | JX6: 8 | JY6: 4 | JZ6: =(JX6+JX5)/JX$4*($JW6-$JW5)/2+JZ5 -> 2.75 | KA6: =KA5+JY6/JY$4*(JW6-JW5) -> 2 | KB6: 0.4
A7: 2 | B7: 2 | C7: =B7-A7 -> 0 | D7: 1 | E7: 1 | F7: =E7-D7 -> 0 | G7: 3 | H7: 3 | I7: =H7-G7 -> 0 | J7: 5 | K7: 7 | L7: =K7-J7 -> 2 | M7: 1 | N7: 1 | O7: =N7-M7 -> 0 | P7: 4 | Q7: 4 | R7: =Q7-P7 -> 0 | S7: 5 | T7: 5 | U7: =T7-S7 -> 0 | V7: 5 | W7: 8 | X7: =W7-V7 -> 3 | Y7: 6 | Z7: 6 | AA7: =Z7-Y7 -> 0 | AB7: 3 | AC7: 6 | AD7: =AC7-AB7 -> 3 | AE7: 4 | AF7: 12 | AG7: =AF7-AE7 -> 8 | AI7: BB | AJ7: =COUNTIFS(E$2:E$1000,2,D$2:D$1000,2) -> 80 | BW7: 10 | BX7: =BI6 -> 161.72386 | BY7: =BJ6 -> 253.29145 | BZ7: =BL6 -> 300.36496 | CA7: =BM6 -> 538.93235 | CB7: 209 | CF7: 209 | CH7: 10 | CI7: =BI4 -> 2.4315068 | CJ7: =BJ4 -> 3.8082192 | CK7: 178 | CM7: =BL4 -> 5.3248408 | CN7: =BM4 -> 9.5541401 | CO7: 133 | CQ7: =CJ7/CI7 -> 1.5661972 | CR7: =CN7/CM7 -> 1.7942584 | CT7: 147 | CX7: 134.8 | DC7: 160 | DG7: 120.5 | DK7: amp | DL7: 150 | DO7: amp | DP7: 122 | DU7: 163 | DZ7: 158 | EE7: 142 | EJ7: 120 | EO7: 120 | ET7: 183 | EY7: 245 | FD7: 178 | FI7: 186 | FN7: 170 | GK7: =GK6/GJ6 -> 1.758427 | JW7: 4 | JX7: 8 | JY7: 4 | JZ7: =(JX7+JX6)/JX$4*($JW7-$JW6)/2+JZ6 -> 7.75 | KA7: =KA6+JY7/JY$4*(JW7-JW6) -> 4 | KB7: 0.5
A8: 1 | B8: 1 | C8: =B8-A8 -> 0 | D8: 1 | E8: 1 | F8: =E8-D8 -> 0 | G8: 2 | H8: 2 | I8: =H8-G8 -> 0 | J8: 4 | K8: 4 | L8: =K8-J8 -> 0 | M8: 1 | N8: 1 | O8: =N8-M8 -> 0 | P8: 1 | Q8: 1 | R8: =Q8-P8 -> 0 | S8: 6 | T8: 8 | U8: =T8-S8 -> 2 | V8: 1 | W8: 5 | X8: =W8-V8 -> 4 | Y8: 3 | Z8: 3 | AA8: =Z8-Y8 -> 0 | AB8: 6 | AC8: 12 | AD8: =AC8-AB8 -> 6 | AE8: 6 | AF8: 14 | AG8: =AF8-AE8 -> 8 | AI8: BS | AJ8: =COUNTIFS(E$2:E$1000,2,D$2:D$1000,1) -> 4 | BW8: 14 | BX8: =BO6 -> 170.46098 | BY8: =BP6 -> 299.74319 | BZ8: =BR6 -> 237.18009 | CA8: =BS6 -> 484.21336 | CB8: 0.77 | CC8: =SUM(CC11:CC110) -> 11902.82 | CF8: 0.79 | CG8: =SUM(CG11:CG110) -> 11982.937 | CH8: 14 | CI8: =BO4 -> 2.7384615 | CJ8: =BP4 -> 4.8153846 | CK8: 1.17 | CL8: =SUM(CL11:CL110) -> 6160.4442 | CM8: =BR4 -> 5.080402 | CN8: =BS4 -> 10.371859 | CO8: 2.08 | CP8: =SUM(CP11:CP110) -> 1171.8471 | CQ8: =CJ8/CI8 -> 1.758427 | CR8: =CN8/CM8 -> 2.041543 | CT8: 1.27 | CU8: =SUM(CU11:CU110) -> 2239.1756 | CX8: 2.42 | CY8: =SUM(CY11:CY110) -> 1297.0778 | DC8: 1.37 | DD8: =SUM(DD11:DD110) -> 3683.5742 | DG8: 4 | DH8: =SUM(DH11:DH110) -> 563.33433 | DK8: exp | DL8: 1.63 | DM8: =SUM(DM11:DM110) -> 2546.2862 | DO8: exp | DP8: 3.53 | DQ8: =SUM(DQ11:DQ110) -> 648.56259 | DU8: 0.97 | DZ8: 1.78 | EE8: 2.29 | EJ8: 4 | EO8: 3.65 | ET8: 0.84 | EY8: 0.91 | FD8: 1.05 | FI8: 1.21 | FN8: 1.5 | GK8: =5/3 -> 1.6666667 | JW8: 8 | JX8: 6.5 | JY8: 4 | JZ8: =(JX8+JX7)/JX$4*($JW8-$JW7)/2+JZ7 -> 16.8125 | KA8: =KA7+JY8/JY$4*(JW8-JW7) -> 8 | KB8: 0.17
A9: 1 | B9: 1 | C9: =B9-A9 -> 0 | D9: 2 | E9: 2 | F9: =E9-D9 -> 0 | G9: 1 | H9: 1 | I9: =H9-G9 -> 0 | J9: 2 | K9: 2 | L9: =K9-J9 -> 0 | M9: 4 | N9: 4 | O9: =N9-M9 -> 0 | P9: 1 | Q9: 1 | R9: =Q9-P9 -> 0 | S9: 1 | T9: 3 | U9: =T9-S9 -> 2 | V9: 4 | W9: 4 | X9: =W9-V9 -> 0 | Y9: 7 | Z9: 10 | AA9: =Z9-Y9 -> 3 | AB9: 2 | AC9: 4 | AD9: =AC9-AB9 -> 2 | AE9: 10 | AF9: 20 | AG9: =AF9-AE9 -> 10 | AI9: SS | AJ9: =COUNTIFS(E$2:E$1000,2,D$2:D$1000,0) -> 0 | AN9: =SUM(AN10:AN110) -> 115 | AO9: =SUM(AO10:AO110) -> 115 | AP9: =SUM(AP10:AP110) -> 115 | AQ9: =SUM(AQ10:AQ110) -> 175 | AR9: =SUM(AR10:AR110) -> 175 | AS9: =SUM(AS10:AS110) -> 175 | AT9: =SUM(AT10:AT110) -> 231 | AU9: =SUM(AU10:AU110) -> 231 | ... BT9: =SUM(BT10:BT110) -> 199 | GQ9: =SUM(GQ11:GQ110) -> 305.19434 | GR9: =SUM(GR11:GR110) -> 42229.645 | GS9: =(1/16)*SUM(GS11:GS26) -> 9.5395666 | GT9: =(1/16/GS9)*SUM(GT11:GT26) -> 0.086982546 | GY9: =SUM(GY11:GY110) -> 305.19434 | GZ9: =SUM(GZ11:GZ110) -> 42276.636 | HA9: =(1/16)*SUM(HA11:HA26) -> 11.031009 | HB9: =(1/16/HA9)*SUM(HB11:HB26) -> 0.38126692 | HG9: =SUM(HG11:HG110) -> 305.19434 | HH9: =SUM(HH11:HH110) -> 42130.719 | HI9: =(1/16)*SUM(HI11:HI26) -> 10.968468 | HJ9: =(1/16/HI9)*SUM(HJ11:HJ26) -> 0.20628035 | HO9: =SUM(HO11:HO110) -> 265.21446 | HP9: =SUM(HP11:HP110) -> 27336.569 | HQ9: =(1/16)*SUM(HQ11:HQ26) -> 11.501693 | HR9: =(1/16/HQ9)*SUM(HR11:HR26) -> 0.3445322 | HW9: =SUM(HW11:HW110) -> 193.68102 | HX9: =SUM(HX11:HX110) -> 8818.2706 | HY9: =(1/16)*SUM(HY11:HY26) -> 12.784068 | HZ9: =(1/16/HY9)*SUM(HZ11:HZ26) -> 0.40660006 | IF9: =SUM(IF11:IF110) -> 155.13441 | IG9: =SUM(IG11:IG110) -> 3154.5919 | IH9: =(1/16)*SUM(IH11:IH26) -> 13.91643 | II9: =(1/16/IH9)*SUM(II11:II26) -> 0.15777028 | IO9: =SUM(IO11:IO110) -> 147.81804 | IP9: =SUM(IP11:IP110) -> 2354.6102 | IQ9: =(1/16)*SUM(IQ11:IQ26) -> 16.654407 | IR9: =(1/16/IQ9)*SUM(IR11:IR26) -> 0.22525505 | IX9: =SUM(IX11:IX110) -> 135.73601 | IY9: =SUM(IY11:IY110) -> 1380.4674 | IZ9: =(1/16)*SUM(IZ11:IZ26) -> 25.134764 | JA9: =(1/16/IZ9)*SUM(JA11:JA26) -> 0.57118773 | JG9: =SUM(JG11:JG110) -> 149.9325 | JH9: =SUM(JH11:JH110) -> 2520.512 | JI9: =(1/16)*SUM(JI11:JI26) -> 22.316292 | JJ9: =(1/16/JI9)*SUM(JJ11:JJ26) -> 0.75221551 | JQ9: =SUM(JQ11:JQ110) -> 114.34487 | JR9: =SUM(JR11:JR110) -> 326.60865 | JS9: =(1/16)*SUM(JS11:JS26) -> 39.852186 | JT9: =(1/16/JS9)*SUM(JT11:JT26) -> 0.68979956 | JW9: 10 | JX9: 6.1 | JY9: 4 | JZ9: =(JX9+JX8)/JX$4*($JW9-$JW8)/2+JZ8 -> 20.75 | KA9: =KA8+JY9/JY$4*(JW9-JW8) -> 10 | KB9: 0.12
A10: 1 | B10: 1 | C10: =B10-A10 -> 0 | D10: 1 | E10: 1 | F10: =E10-D10 -> 0 | G10: 2 | H10: 2 | I10: =H10-G10 -> 0 | J10: 3 | K10: 3 | L10: =K10-J10 -> 0 | M10: 3 | N10: 3 | O10: =N10-M10 -> 0 | P10: 2 | Q10: 4 | R10: =Q10-P10 -> 2 | S10: 1 | T10: 1 | U10: =T10-S10 -> 0 | V10: 3 | W10: 8 | X10: =W10-V10 -> 5 | Y10: 5 | Z10: 10 | AA10: =Z10-Y10 -> 5 | AB10: 4 | AC10: 7 | AD10: =AC10-AB10 -> 3 | AE10: 1 | AF10: 3 | AG10: =AF10-AE10 -> 2 | AN10: =A1 -> CTRL D0 B | AO10: =B1 -> CTRL D0 T | AP10: =C1 -> CTRL D0 S | AQ10: =D1 -> CTRL D2 B | AR10: =E1 -> CTRL D2 T | AS10: =F1 -> CTRL D2 S | AT10: =G1 -> EXP D2 B | AU10: =H1 -> EXP D2 T | ... BT10: =AG1 -> EXP D14 S | BX10: =AN10 -> CTRL D0 B | BY10: =AO10 -> CTRL D0 T | BZ10: =AQ10 -> CTRL D2 B | CA10: =AR10 -> CTRL D2 T | CB10: exp | CD10: =AT10 -> EXP D2 B | CE10: =AU10 -> EXP D2 T | CF10: exp | CI10: =AW10 -> CTRL D4 B | CJ10: =AX10 -> CTRL D4 T | CK10: exp | CM10: =AZ10 -> EXP D4 B | CN10: =BA10 -> EXP D4 T | CO10: exp | CR10: =BC10 -> CTRL D8 B | CS10: =BD10 -> CTRL D8 T | CT10: exp | CV10: =BF10 -> EXP D8 B | CW10: =BG10 -> EXP D8 T | CX10: exp | DA10: =BI10 -> CTRL D10 B | DB10: =BJ10 -> CTRL D10 T | DC10: exp | DE10: =BL10 -> EXP D10 B | DF10: =BM10 -> EXP D10 T | DG10: exp | DJ10: =BO10 -> CTRL D14 B | DK10: =BP10 -> CTRL D14 T | DL10: exp | DN10: =BR10 -> EXP D14 B | DO10: =BS10 -> EXP D14 T | DP10: exp | DT10: =CD10 -> EXP D2 B | DU10: exp | DV10: =SQRT(SUM(DV11:DV110)) -> 63.597721 | DY10: =CM10 -> EXP D4 B | DZ10: exp | EA10: =SQRT(SUM(EA11:EA110)) -> 59.334162 | ED10: =CV10 -> EXP D8 B | EE10: exp | EF10: =SQRT(SUM(EF11:EF110)) -> 43.201396 | EI10: =DE10 -> EXP D10 B | EJ10: exp | EK10: =SQRT(SUM(EK11:EK110)) -> 23.31203 | EN10: =DN10 -> EXP D14 B | EO10: exp | EP10: =SQRT(SUM(EP11:EP110)) -> 23.678601 | ES10: =BZ10 -> CTRL D2 B | ET10: exp | EU10: =SQRT(SUM(EU11:EU110)) -> 83.279366 | EX10: =CI10 -> CTRL D4 B | EY10: exp | EZ10: =SQRT(SUM(EZ11:EZ110)) -> 145.57191 | FC10: =CR10 -> CTRL D8 B | FD10: exp | FE10: =SQRT(SUM(FE11:FE110)) -> 78.305375 | FH10: =DA10 -> CTRL D10 B | FI10: exp | FJ10: =SQRT(SUM(FJ11:FJ110)) -> 86.358085 | FM10: =DJ10 -> CTRL D14 B | FN10: exp | FO10: =SQRT(SUM(FO11:FO110)) -> 70.657104 | FR10: =AN10 -> CTRL D0 B | FS10: =AO10 -> CTRL D0 T | FT10: =AQ10 -> CTRL D2 B | FU10: =AR10 -> CTRL D2 T | FV10: =AT10 -> EXP D2 B | FW10: =AU10 -> EXP D2 T | FX10: =AW10 -> CTRL D4 B | FY10: =AX10 -> CTRL D4 T | FZ10: =AZ10 -> EXP D4 B | GA10: =BA10 -> EXP D4 T | GB10: =BC10 -> CTRL D8 B | GC10: =BD10 -> CTRL D8 T | GD10: =BF10 -> EXP D8 B | GE10: =BG10 -> EXP D8 T | GF10: =BI10 -> CTRL D10 B | GG10: =BJ10 -> CTRL D10 T | GH10: =BL10 -> EXP D10 B | GI10: =BM10 -> EXP D10 T | GJ10: =BO10 -> CTRL D14 B | GK10: =BP10 -> CTRL D14 T | GL10: =BR10 -> EXP D14 B | GM10: =BS10 -> EXP D14 T | GP10: =FT10 -> CTRL D2 B | GQ10: exp | GR10: square | GS10: a est | GT10: b est | GX10: =FX10 -> CTRL D4 B | GY10: exp | GZ10: square | HA10: a est | HB10: b est | HF10: =GB10 -> CTRL D8 B | HG10: exp | HH10: square | HI10: a est | HJ10: b est | HN10: =GF10 -> CTRL D10 B | HO10: exp | HP10: square | HQ10: a est | HR10: b est | HV10: =GJ10 -> CTRL D14 B | HW10: exp | HX10: square | HY10: a est | HZ10: b est | IB10: theory | IE10: =FZ10 -> EXP D4 B | IF10: exp | IG10: square | IH10: a est | II10: b est | IK10: theory | IN10: =GD10 -> EXP D8 B | IO10: exp | IP10: square | IQ10: a est | IR10: b est | IT10: theory | IW10: =GH10 -> EXP D10 B | IX10: exp | IY10: square | IZ10: a est | JA10: b est | JC10: theory | JF10: =GL10 -> EXP D14 B | JG10: exp | JH10: square | JI10: a est | JJ10: b est | JL10: theory | JP10: =GM10 -> EXP D14 T | JQ10: exp | JR10: square | JS10: a est | JT10: b est | JW10: 14 | JX10: 5 | JY10: 4 | JZ10: =(JX10+JX9)/JX$4*($JW10-$JW9)/2+JZ9 -> 27.6875 | KA10: =KA9+JY10/JY$4*(JW10-JW9) -> 14 | KB10: 0.05
A11: 2 | B11: 2 | C11: =B11-A11 -> 0 | D11: 1 | E11: 1 | F11: =E11-D11 -> 0 | G11: 2 | H11: 2 | I11: =H11-G11 -> 0 | J11: 2 | K11: 4 | L11: =K11-J11 -> 2 | M11: 3 | N11: 3 | O11: =N11-M11 -> 0 | P11: 2 | Q11: 3 | R11: =Q11-P11 -> 1 | S11: 6 | T11: 12 | U11: =T11-S11 -> 6 | V11: 4 | W11: 6 | X11: =W11-V11 -> 2 | Y11: 4 | Z11: 7 | AA11: =Z11-Y11 -> 3 | AB11: 4 | AC11: 6 | AD11: =AC11-AB11 -> 2 | AE11: 2 | AF11: 6 | AG11: =AF11-AE11 -> 4 | AI11: EXP D2 | AM11: 0 | AN11: {=FREQUENCY(A2:A1000,$AM11:$AM110)} -> 0 | AO11: {=FREQUENCY(B2:B1000,$AM11:$AM110)} -> 0 | AP11: {=FREQUENCY(C2:C1000,$AM11:$AM110)} -> 115 | AQ11: {=FREQUENCY(D2:D1000,$AM11:$AM110)} -> 0 | AR11: {=FREQUENCY(E2:E1000,$AM11:$AM110)} -> 0 | AS11: {=FREQUENCY(F2:F1000,$AM11:$AM110)} -> 165 | AT11: {=FREQUENCY(G2:G1000,$AM11:$AM110)} -> 1 | AU11: {=FREQUENCY(H2:H1000,$AM11:$AM110)} -> 0 | ... BT11: {=FREQUENCY(AG2:AG1000,$AM11:$AM110)} -> 36 | BW11: =$AM11 -> 0 | BX11: =MAX(100-AN11/AN$9*100,0) -> 100 | BY11: =MAX(100-AO11/AO$9*100,0) -> 100 | BZ11: =MAX(100-AQ11/AQ$9*100,0) -> 100 | CA11: =MAX(100-AR11/AR$9*100,0) -> 100 | CB11: =CB$7*EXP(-$AM11/CB$8) -> 209 | CC11: =(BZ11-CB11)^2 -> 11881 | CD11: =MAX(100-AT11/AT$9*100,0) -> 99.5671 | CE11: =MAX(100-AU11/AU$9*100,0) -> 100 | CF11: =CF$7*EXP(-$AM11/CF$8) -> 209 | CG11: =(CD11-CF11)^2 -> 11975.56 | CH11: =$AM11 -> 0 | CI11: =MAX(100-AW11/AW$9*100,0) -> 100 | CJ11: =MAX(100-AX11/AX$9*100,0) -> 100 | CK11: =CK$7*EXP(-$AM11/CK$8) -> 178 | CL11: =(CI11-CK11)^2 -> 6084 | CM11: =MAX(100-AZ11/AZ$9*100,0) -> 100 | CN11: =MAX(100-BA11/BA$9*100,0) -> 100 | CO11: =CO$7*EXP(-$AM11/CO$8) -> 133 | CP11: =(CM11-CO11)^2 -> 1089 | CQ11: =$AM11 -> 0 | CR11: =MAX(100-BC11/BC$9*100,0) -> 100 | CS11: =MAX(100-BD11/BD$9*100,0) -> 100 | CT11: =CT$7*EXP(-$AM11/CT$8) -> 147 | CU11: =(CR11-CT11)^2 -> 2209 | CV11: =MAX(100-BF11/BF$9*100,0) -> 99.497487 | CW11: =MAX(100-BG11/BG$9*100,0) -> 100 | CX11: =CX$7*EXP(-$AM11/CX$8) -> 134.8 | CY11: =(CV11-CX11)^2 -> 1246.2674 | CZ11: =$AM11 -> 0 | DA11: =MAX(100-BI11/BI$9*100,0) -> 100 | DB11: =MAX(100-BJ11/BJ$9*100,0) -> 100 | DC11: =DC$7*EXP(-$AM11/DC$8) -> 160 | DD11: =(DA11-DC11)^2 -> 3600 | DE11: =MAX(100-BL11/BL$9*100,0) -> 100 | DF11: =MAX(100-BM11/BM$9*100,0) -> 100 | DG11: =DG$7*EXP(-$AM11/DG$8) -> 120.5 | DH11: =(DE11-DG11)^2 -> 420.25 | DI11: =$AM11 -> 0 | DJ11: =MAX(100-BO11/BO$9*100,0) -> 100 | DK11: =MAX(100-BP11/BP$9*100,0) -> 100 | DL11: =DL$7*EXP(-$AM11/DL$8) -> 150 | DM11: =(DJ11-DL11)^2 -> 2500 | DN11: =MAX(100-BR11/BR$9*100,0) -> 100 | DO11: =MAX(100-BS11/BS$9*100,0) -> 100 | DP11: =DP$7*EXP(-$AM11/DP$8) -> 122 | DQ11: =(DN11-DP11)^2 -> 484 | DS11: =$AM11 -> 0 | DT11: =CA11 -> 100 | DU11: =DU$7*EXP(-DS11/DU$8) -> 163 | DV11: =(DT11-DU11)^2 -> 3969 | DX11: =$AM11 -> 0 | DY11: =CM11 -> 100 | DZ11: =DZ$7*EXP(-DX11/DZ$8) -> 158 | EA11: =(DY11-DZ11)^2 -> 3364 | EC11: =$AM11 -> 0 | ED11: =CV11 -> 99.497487 | EE11: =EE$7*EXP(-EC11/EE$8) -> 142 | EF11: =(ED11-EE11)^2 -> 1806.4636 | EH11: =$AM11 -> 0 | EI11: =DE11 -> 100 | EJ11: =EJ$7*EXP(-EH11/EJ$8) -> 120 | EK11: =(EI11-EJ11)^2 -> 400 | EM11: =AM11 -> 0 | EN11: =DN11 -> 100 | EO11: =EO$7*EXP(-EM11/EO$8) -> 120 | EP11: =(EN11-EO11)^2 -> 400 | ER11: =$AM11 -> 0 | ES11: =BZ11 -> 100 | ET11: =ET$7*EXP(-ER11/ET$8) -> 183 | EU11: =(ES11-ET11)^2 -> 6889 | EW11: =$AM11 -> 0 | EX11: =CI11 -> 100 | EY11: =EY$7*EXP(-EW11/EY$8) -> 245 | EZ11: =(EX11-EY11)^2 -> 21025 | FB11: =$AM11 -> 0 | FC11: =CR11 -> 100 | FD11: =FD$7*EXP(-FB11/FD$8) -> 178 | FE11: =(FC11-FD11)^2 -> 6084 | FG11: =$AM11 -> 0 | FH11: =DA11 -> 100 | FI11: =FI$7*EXP(-FG11/FI$8) -> 186 | FJ11: =(FH11-FI11)^2 -> 7396 | FL11: =EM11 -> 0 | FM11: =DJ11 -> 100 | FN11: =FN$7*EXP(-FL11/FN$8) -> 170 | FO11: =(FM11-FN11)^2 -> 4900 | FQ11: =AM11 -> 0 | FR11: =AN11/AN$9*100 -> 0 | FS11: =AO11/AO$9*100 -> 0 | FT11: =AQ11/AQ$9*100 -> 0 | FU11: =AR11/AR$9*100 -> 0 | FV11: =AT11/AT$9*100 -> 0.43290043 | FW11: =AU11/AU$9*100 -> 0 | FX11: =AW11/AW$9*100 -> 0 | FY11: =AX11/AX$9*100 -> 0 | FZ11: =AZ11/AZ$9*100 -> 0 | GA11: =BA11/BA$9*100 -> 0 | GB11: =BC11/BC$9*100 -> 0 | GC11: =BD11/BD$9*100 -> 0 | GD11: =BF11/BF$9*100 -> 0.50251256 | GE11: =BG11/BG$9*100 -> 0 | GF11: =BI11/BI$9*100 -> 0 | GG11: =BJ11/BJ$9*100 -> 0 | GH11: =BL11/BL$9*100 -> 0 | GI11: =BM11/BM$9*100 -> 0 | GJ11: =BO11/BO$9*100 -> 0 | GK11: =BP11/BP$9*100 -> 0 | GL11: =BR11/BR$9*100 -> 0 | GM11: =BS11/BS$9*100 -> 0 | GO11: =$AM11 -> 0 | GP11: =FT11 -> 0 | GQ11: =GQ$6*(1+GQ$5*(-1)^$FQ11)*EXP(-$FQ11/GQ$4) -> 205.19434 | GR11: =(GP11-GQ11)^2 -> 42104.717 | GS11: =EXP($FQ11/$JG$4)*GP11 -> 0 | GT11: =EXP($FQ11/$JG$4)*(-1)^$FQ11*GP11 -> 0 | GU11: =(-1)^GO11*GP11 -> 0 | GW11: =$AM11 -> 0 | GX11: =FX11 -> 0 | GY11: =GY$6*(1+GY$5*(-1)^$FQ11)*EXP(-$FQ11/GY$4) -> 205.19434 | GZ11: =(GX11-GY11)^2 -> 42104.717 | HA11: =EXP($FQ11/$JG$4)*GX11 -> 0 | HB11: =EXP($FQ11/$JG$4)*(-1)^$FQ11*GX11 -> 0 | HC11: =(-1)^GW11*GX11 -> 0 | HE11: =$AM11 -> 0 | HF11: =GB11 -> 0 | HG11: =HG$6*(1+HG$5*(-1)^$FQ11)*EXP(-$FQ11/HG$4) -> 205.19434 | HH11: =(HF11-HG11)^2 -> 42104.717 | HI11: =EXP($FQ11/$JG$4)*HF11 -> 0 | HJ11: =EXP($FQ11/$JG$4)*(-1)^$FQ11*HF11 -> 0 | HK11: =(-1)^HE11*HF11 -> 0 | HM11: =$AM11 -> 0 | HN11: =GF11 -> 0 | HO11: =HO$6*(1+HO$5*(-1)^$FQ11)*EXP(-$FQ11/HO$4) -> 165.21446 | HP11: =(HN11-HO11)^2 -> 27295.819 | HQ11: =EXP($FQ11/$JG$4)*HN11 -> 0 | HR11: =EXP($FQ11/$JG$4)*(-1)^$FQ11*HN11 -> 0 | HS11: =(-1)^HM11*HN11 -> 0 | HU11: =$AM11 -> 0 | HV11: =GJ11 -> 0 | HW11: =HW$6*(1+HW$5*(-1)^$FQ11)*EXP(-$FQ11/HW$4) -> 93.681025 | HX11: =(HV11-HW11)^2 -> 8776.1344 | HY11: =EXP($FQ11/$JG$4)*HV11 -> 0 | HZ11: =EXP($FQ11/$JG$4)*(-1)^$FQ11*HV11 -> 0 | IA11: =(-1)^HU11*HV11 -> 0 | IB11: 13.139509 | ID11: =$AM11 -> 0 | IE11: =FZ11 -> 0 | IF11: =IF$6*(1+IF$5*(-1)^$FQ11)*EXP(-$FQ11/IF$4) -> 55.134415 | IG11: =(IE11-IF11)^2 -> 3039.8037 | IH11: =EXP($FQ11/$JG$4)*IE11 -> 0 | II11: =EXP($FQ11/$JG$4)*(-1)^$FQ11*IE11 -> 0 | IJ11: =(-1)^ID11*IE11 -> 0 | IK11: 16.264621 | IM11: =$AM11 -> 0 | IN11: =GD11 -> 0.50251256 | IO11: =IO$6*(1+IO$5*(-1)^$FQ11)*EXP(-$FQ11/IO$4) -> 47.818041 | IP11: =(IN11-IO11)^2 -> 2238.7593 | IQ11: =EXP($FQ11/$JG$4)*IN11 -> 0.50251256 | IR11: =EXP($FQ11/$JG$4)*(-1)^$FQ11*IN11 -> 0.50251256 | IS11: =(-1)^IM11*IN11 -> 0.50251256 | IT11: 10.971789 | IV11: =$AM11 -> 0 | IW11: =GH11 -> 0 | IX11: =IX$6*(1+IX$5*(-1)^$FQ11)*EXP(-$FQ11/IX$4) -> 35.736006 | IY11: =(IW11-IX11)^2 -> 1277.0621 | IZ11: =EXP($FQ11/$JG$4)*IW11 -> 0 | JA11: =EXP($FQ11/$JG$4)*(-1)^$FQ11*IW11 -> 0 | JB11: =(-1)^IV11*IW11 -> 0 | JC11: 2.305836 | JE11: =$AM11 -> 0 | JF11: =GL11 -> 0 | JG11: =JG$6*(1+JG$5*(-1)^$FQ11)*EXP(-$FQ11/JG$4) -> 49.932502 | JH11: =(JF11-JG11)^2 -> 2493.2547 | JI11: =EXP($FQ11/$JG$4)*JF11 -> 0 | JJ11: =EXP($FQ11/$JG$4)*(-1)^$FQ11*JF11 -> 0 | JK11: =(-1)^JE11*JF11 -> 0 | JL11: 1.403096 | JO11: =$AM11 -> 0 | JP11: =GM11 -> 0 | JQ11: =JQ$6*(1+JQ$5*(-1)^$FQ11)*EXP(-$FQ11/JQ$4) -> 14.383243 | JR11: =(JP11-JQ11)^2 -> 206.87768 | JS11: =EXP($FQ11/$JG$4)*JP11 -> 0 | JT11: =EXP($FQ11/$JG$4)*(-1)^$FQ11*JP11 -> 0 | JU11: =(-1)^JO11*JP11 -> 0
A12: 2 | B12: 2 | C12: =B12-A12 -> 0 | D12: 2 | E12: 2 | F12: =E12-D12 -> 0 | G12: 1 | H12: 1 | I12: =H12-G12 -> 0 | J12: 2 | K12: 2 | L12: =K12-J12 -> 0 | M12: 3 | N12: 5 | O12: =N12-M12 -> 2 | P12: 1 | Q12: 1 | R12: =Q12-P12 -> 0 | S12: 2 | T12: 2 | U12: =T12-S12 -> 0 | V12: 3 | W12: 5 | X12: =W12-V12 -> 2 | Y12: 6 | Z12: 8 | AA12: =Z12-Y12 -> 2 | AB12: 4 | AC12: 10 | AD12: =AC12-AB12 -> 6 | AE12: 7 | AF12: 14 | AG12: =AF12-AE12 -> 7 | AI12: BB | AJ12: =COUNTIFS(H$2:H$1000,2,G$2:G$1000,2) -> 93 | AM12: 1 | AN12: 56 | AO12: 56 | AP12: 0 | AQ12: 71 | AR12: 64 | AS12: 5 | AT12: 90 | AU12: 79 | AV12: 26 | AW12: 32 | AX12: 21 | AY12: 16 | AZ12: 38 | BA12: 18 | BB12: 28 | BC12: 51 | BD12: 24 | BE12: 29 | BF12: 24 | BG12: 10 | BH12: 7 | BI12: 27 | BJ12: 11 | BK12: 28 | BL12: 11 | BM12: 3 | BN12: 4 | BO12: 37 | BP12: 10 | BQ12: 12 | BR12: 13 | BS12: 3 | BT12: 2 | BW12: =$AM12 -> 1 | BX12: =MAX(BX11-AN12/AN$9*100,0) -> 51.304348 | BY12: =MAX(BY11-AO12/AO$9*100,0) -> 51.304348 | BZ12: =MAX(BZ11-AQ12/AQ$9*100,0) -> 59.428571 | CA12: =MAX(CA11-AR12/AR$9*100,0) -> 63.428571 | CB12: =CB$7*EXP(-$AM12/CB$8) -> 57.033166 | CC12: =(BZ12-CB12)^2 -> 5.7379685 | CD12: =MAX(CD11-AT12/AT$9*100,0) -> 60.606061 | CE12: =MAX(CE11-AU12/AU$9*100,0) -> 65.800866 | CF12: =CF$7*EXP(-$AM12/CF$8) -> 58.939498 | CG12: =(CD12-CF12)^2 -> 2.7774295 | CH12: =$AM12 -> 1 | CI12: =MAX(CI11-AW12/AW$9*100,0) -> 76.470588 | CJ12: =MAX(CJ11-AX12/AX$9*100,0) -> 84.558824 | CK12: =CK$7*EXP(-$AM12/CK$8) -> 75.723057 | CL12: =(CI12-CK12)^2 -> 0.55880321 | CM12: =MAX(CM11-AZ12/AZ$9*100,0) -> 80.71066 | CN12: =MAX(CN11-BA12/BA$9*100,0) -> 90.862944 | CO12: =CO$7*EXP(-$AM12/CO$8) -> 82.234909 | CP12: =(CM12-CO12)^2 -> 2.3233358 | CQ12: =$AM12 -> 1 | CR12: =MAX(CR11-BC12/BC$9*100,0) -> 67.924528 | CS12: =MAX(CS11-BD12/BD$9*100,0) -> 84.90566 | CT12: =CT$7*EXP(-$AM12/CT$8) -> 66.888765 | CU12: =(CR12-CT12)^2 -> 1.0728061 | CV12: =MAX(CV11-BF12/BF$9*100,0) -> 87.437186 | CW12: =MAX(CW11-BG12/BG$9*100,0) -> 94.974874 | CX12: =CX$7*EXP(-$AM12/CX$8) -> 89.172176 | CY12: =(CV12-CX12)^2 -> 3.0101891 | CZ12: =$AM12 -> 1 | DA12: =MAX(DA11-BI12/BI$9*100,0) -> 81.506849 | DB12: =MAX(DB11-BJ12/BJ$9*100,0) -> 92.465753 | DC12: =DC$7*EXP(-$AM12/DC$8) -> 77.111067 | DD12: =(DA12-DC12)^2 -> 19.322904 | DE12: =MAX(DE11-BL12/BL$9*100,0) -> 92.993631 | DF12: =MAX(DF11-BM12/BM$9*100,0) -> 98.089172 | DG12: =DG$7*EXP(-$AM12/DG$8) -> 93.845494 | DH12: =(DE12-DG12)^2 -> 0.72567191 | DI12: =$AM12 -> 1 | DJ12: =MAX(DJ11-BO12/BO$9*100,0) -> 81.025641 | DK12: =MAX(DK11-BP12/BP$9*100,0) -> 94.871795 | DL12: =DL$7*EXP(-$AM12/DL$8) -> 81.218119 | DM12: =(DJ12-DL12)^2 -> 0.037047737 | DN12: =MAX(DN11-BR12/BR$9*100,0) -> 93.467337 | DO12: =MAX(DO11-BS12/BS$9*100,0) -> 98.492462 | DP12: =DP$7*EXP(-$AM12/DP$8) -> 91.903115 | DQ12: =(DN12-DP12)^2 -> 2.4467891 | DS12: =$AM12 -> 1 | DT12: =CA12 -> 63.428571 | DU12: =DU$7*EXP(-DS12/DU$8) -> 58.138167 | DV12: =(DT12-DU12)^2 -> 27.98838 | DX12: =$AM12 -> 1 | DY12: =CM12 -> 80.71066 | DZ12: =DZ$7*EXP(-DX12/DZ$8) -> 90.088929 | EA12: =(DY12-DZ12)^2 -> 87.951928 | EC12: =$AM12 -> 1 | ED12: =CV12 -> 87.437186 | EE12: =EE$7*EXP(-EC12/EE$8) -> 91.757189 | EF12: =(ED12-EE12)^2 -> 18.662424 | EH12: =$AM12 -> 1 | EI12: =DE12 -> 92.993631 | EJ12: =EJ$7*EXP(-EH12/EJ$8) -> 93.456094 | EK12: =(EI12-EJ12)^2 -> 0.21387239 | EM12: =AM12 -> 1 | EN12: =DN12 -> 93.467337 | EO12: =EO$7*EXP(-EM12/EO$8) -> 91.242349 | EP12: =(EN12-EO12)^2 -> 4.9505711 | ER12: =$AM12 -> 1 | ES12: =BZ12 -> 59.428571 | ET12: =ET$7*EXP(-ER12/ET$8) -> 55.645987 | EU12: =(ES12-ET12)^2 -> 14.307946 | EW12: =$AM12 -> 1 | EX12: =CI12 -> 76.470588 | EY12: =EY$7*EXP(-EW12/EY$8) -> 81.643084 | EZ12: =(EX12-EY12)^2 -> 26.754711 | FB12: =$AM12 -> 1 | FC12: =CR12 -> 67.924528 | FD12: =FD$7*EXP(-FB12/FD$8) -> 68.676193 | FE12: =(FC12-FD12)^2 -> 0.56499924 | FG12: =$AM12 -> 1 | FH12: =DA12 -> 81.506849 | FI12: =FI$7*EXP(-FG12/FI$8) -> 81.393905 | FJ12: =(FH12-FI12)^2 -> 0.012756424 | FL12: =EM12 -> 1 | FM12: =DJ12 -> 81.025641 | FN12: =FN$7*EXP(-FL12/FN$8) -> 87.28091 | FO12: =(FM12-FN12)^2 -> 39.128393 | FQ12: =AM12 -> 1 | FR12: =AN12/AN$9*100 -> 48.695652 | FS12: =AO12/AO$9*100 -> 48.695652 | FT12: =AQ12/AQ$9*100 -> 40.571429 | FU12: =AR12/AR$9*100 -> 36.571429 | FV12: =AT12/AT$9*100 -> 38.961039 | FW12: =AU12/AU$9*100 -> 34.199134 | FX12: =AW12/AW$9*100 -> 23.529412 | FY12: =AX12/AX$9*100 -> 15.441176 | FZ12: =AZ12/AZ$9*100 -> 19.28934 | GA12: =BA12/BA$9*100 -> 9.1370558 | GB12: =BC12/BC$9*100 -> 32.075472 | GC12: =BD12/BD$9*100 -> 15.09434 | GD12: =BF12/BF$9*100 -> 12.060302 | GE12: =BG12/BG$9*100 -> 5.0251256 | GF12: =BI12/BI$9*100 -> 18.493151 | GG12: =BJ12/BJ$9*100 -> 7.5342466 | GH12: =BL12/BL$9*100 -> 7.0063694 | GI12: =BM12/BM$9*100 -> 1.910828 | GJ12: =BO12/BO$9*100 -> 18.974359 | GK12: =BP12/BP$9*100 -> 5.1282051 | GL12: =BR12/BR$9*100 -> 6.5326633 | GM12: =BS12/BS$9*100 -> 1.5075377 | GO12: =$AM12 -> 1 | GP12: =FT12 -> 40.571429 | GQ12: =GQ$6*(1+GQ$5*(-1)^$FQ12)*EXP(-$FQ12/GQ$4) -> 32.92595 | GR12: =(GP12-GQ12)^2 -> 58.453346 | GS12: =EXP($FQ12/$JG$4)*GP12 -> 51.249658 | GT12: =EXP($FQ12/$JG$4)*(-1)^$FQ12*GP12 -> -51.249658 | GU12: =(-1)^GO12*GP12 -> -40.571429 | GW12: =$AM12 -> 1 | GX12: =FX12 -> 23.529412 | GY12: =GY$6*(1+GY$5*(-1)^$FQ12)*EXP(-$FQ12/GY$4) -> 32.92595 | GZ12: =(GX12-GY12)^2 -> 88.294927 | HA12: =EXP($FQ12/$JG$4)*GX12 -> 29.722254 | HB12: =EXP($FQ12/$JG$4)*(-1)^$FQ12*GX12 -> -29.722254 | HC12: =(-1)^GW12*GX12 -> -23.529412 | HE12: =$AM12 -> 1 | HF12: =GB12 -> 32.075472 | HG12: =HG$6*(1+HG$5*(-1)^$FQ12)*EXP(-$FQ12/HG$4) -> 32.92595 | HH12: =(HF12-HG12)^2 -> 0.72331301 | HI12: =EXP($FQ12/$JG$4)*HF12 -> 40.517601 | HJ12: =EXP($FQ12/$JG$4)*(-1)^$FQ12*HF12 -> -40.517601 | HK12: =(-1)^HE12*HF12 -> -32.075472 | HM12: =$AM12 -> 1 | HN12: =GF12 -> 18.493151 | HO12: =HO$6*(1+HO$5*(-1)^$FQ12)*EXP(-$FQ12/HO$4) -> 19.927377 | HP12: =(HN12-HO12)^2 -> 2.0570059 | HQ12: =EXP($FQ12/$JG$4)*HN12 -> 23.36047 | HR12: =EXP($FQ12/$JG$4)*(-1)^$FQ12*HN12 -> -23.36047 | HS12: =(-1)^HM12*HN12 -> -18.493151 | HU12: =$AM12 -> 1 | HV12: =GJ12 -> 18.974359 | HW12: =HW$6*(1+HW$5*(-1)^$FQ12)*EXP(-$FQ12/HW$4) -> 20.061559 | HX12: =(HV12-HW12)^2 -> 1.1820038 | HY12: =EXP($FQ12/$JG$4)*HV12 -> 23.968331 | HZ12: =EXP($FQ12/$JG$4)*(-1)^$FQ12*HV12 -> -23.968331 | IA12: =(-1)^HU12*HV12 -> -18.974359 | IB12: 46.099695 | ID12: =$AM12 -> 1 | IE12: =FZ12 -> 19.28934 | IF12: =IF$6*(1+IF$5*(-1)^$FQ12)*EXP(-$FQ12/IF$4) -> 20.351336 | IG12: =(IE12-IF12)^2 -> 1.127835 | IH12: =EXP($FQ12/$JG$4)*IE12 -> 24.366213 | II12: =EXP($FQ12/$JG$4)*(-1)^$FQ12*IE12 -> -24.366213 | IJ12: =(-1)^ID12*IE12 -> -19.28934 | IK12: 32.733654 | IM12: =$AM12 -> 1 | IN12: =GD12 -> 12.060302 | IO12: =IO$6*(1+IO$5*(-1)^$FQ12)*EXP(-$FQ12/IO$4) -> 16.524473 | IP12: =(IN12-IO12)^2 -> 19.92883 | IQ12: =EXP($FQ12/$JG$4)*IN12 -> 15.234522 | IR12: =EXP($FQ12/$JG$4)*(-1)^$FQ12*IN12 -> -15.234522 | IS12: =(-1)^IM12*IN12 -> -12.060302 | IT12: 31.128394 | IV12: =$AM12 -> 1 | IW12: =GH12 -> 7.0063694 | IX12: =IX$6*(1+IX$5*(-1)^$FQ12)*EXP(-$FQ12/IX$4) -> 7.6028177 | IY12: =(IW12-IX12)^2 -> 0.35575055 | IZ12: =EXP($FQ12/$JG$4)*IW12 -> 8.8504164 | JA12: =EXP($FQ12/$JG$4)*(-1)^$FQ12*IW12 -> -8.8504164 | JB12: =(-1)^IV12*IW12 -> -7.0063694 | JC12: 25.105008 | JE12: =$AM12 -> 1 | JF12: =GL12 -> 6.5326633 | JG12: =JG$6*(1+JG$5*(-1)^$FQ12)*EXP(-$FQ12/JG$4) -> 6.0375265 | JH12: =(JF12-JG12)^2 -> 0.2451605 | JI12: =EXP($FQ12/$JG$4)*JF12 -> 8.2520329 | JJ12: =EXP($FQ12/$JG$4)*(-1)^$FQ12*JF12 -> -8.2520329 | JK12: =(-1)^JE12*JF12 -> -6.5326633 | JL12: 29.19511 | JO12: =$AM12 -> 1 | JP12: =GM12 -> 1.5075377 | JQ12: =JQ$6*(1+JQ$5*(-1)^$FQ12)*EXP(-$FQ12/JQ$4) -> 2.5290299 | JR12: =(JP12-JQ12)^2 -> 1.0434463 | JS12: =EXP($FQ12/$JG$4)*JP12 -> 1.9043153 | JT12: =EXP($FQ12/$JG$4)*(-1)^$FQ12*JP12 -> -1.9043153 | JU12: =(-1)^JO12*JP12 -> -1.5075377
A13: 1 | B13: 1 | C13: =B13-A13 -> 0 | D13: 1 | E13: 1 | F13: =E13-D13 -> 0 | G13: 1 | H13: 1 | I13: =H13-G13 -> 0 | J13: 3 | K13: 5 | L13: =K13-J13 -> 2 | M13: 1 | N13: 1 | O13: =N13-M13 -> 0 | P13: 2 | Q13: 2 | R13: =Q13-P13 -> 0 | S13: 2 | T13: 2 | U13: =T13-S13 -> 0 | V13: 4 | W13: 8 | X13: =W13-V13 -> 4 | Y13: 4 | Z13: 8 | AA13: =Z13-Y13 -> 4 | AB13: 2 | AC13: 2 | AD13: =AC13-AB13 -> 0 | AE13: 6 | AF13: 10 | AG13: =AF13-AE13 -> 4 | AI13: BS | AJ13: =COUNTIFS(H$2:H$1000,2,G$2:G$1000,1) -> 11 | AM13: 2 | AN13: 57 | AO13: 57 | AP13: 0 | AQ13: 83 | AR13: 84 | AS13: 5 | AT13: 105 | AU13: 104 | AV13: 1 | AW13: 64 | AX13: 55 | AY13: 21 | AZ13: 52 | BA13: 47 | BB13: 30 | BC13: 66 | BD13: 51 | BE13: 42 | BF13: 53 | BG13: 27 | BH13: 43 | BI13: 73 | BJ13: 39 | BK13: 40 | BL13: 35 | BM13: 8 | BN13: 21 | BO13: 76 | BP13: 23 | BQ13: 71 | BR13: 59 | BS13: 17 | BT13: 30 | BW13: =$AM13 -> 2 | BX13: =MAX(BX12-AN13/AN$9*100,0) -> 1.7391304 | BY13: =MAX(BY12-AO13/AO$9*100,0) -> 1.7391304 | BZ13: =MAX(BZ12-AQ13/AQ$9*100,0) -> 12 | CA13: =MAX(CA12-AR13/AR$9*100,0) -> 15.428571 | CB13: =CB$7*EXP(-$AM13/CB$8) -> 15.56355 | CC13: =(BZ13-CB13)^2 -> 12.69889 | CD13: =MAX(CD12-AT13/AT$9*100,0) -> 15.151515 | CE13: =MAX(CE12-AU13/AU$9*100,0) -> 20.779221 | CF13: =CF$7*EXP(-$AM13/CF$8) -> 16.621361 | CG13: =(CD13-CF13)^2 -> 2.1604472 | CH13: =$AM13 -> 2 | CI13: =MAX(CI12-AW13/AW$9*100,0) -> 29.411765 | CJ13: =MAX(CJ12-AX13/AX$9*100,0) -> 44.117647 | CK13: =CK$7*EXP(-$AM13/CK$8) -> 32.213378 | CL13: =(CI13-CK13)^2 -> 7.8490386 | CM13: =MAX(CM12-AZ13/AZ$9*100,0) -> 54.314721 | CN13: =MAX(CN12-BA13/BA$9*100,0) -> 67.005076 | CO13: =CO$7*EXP(-$AM13/CO$8) -> 50.846468 | CP13: =(CM13-CO13)^2 -> 12.028776 | CQ13: =$AM13 -> 2 | CR13: =MAX(CR12-BC13/BC$9*100,0) -> 26.415094 | CS13: =MAX(CS12-BD13/BD$9*100,0) -> 52.830189 | CT13: =CT$7*EXP(-$AM13/CT$8) -> 30.436101 | CU13: =(CR13-CT13)^2 -> 16.168495 | CV13: =MAX(CV12-BF13/BF$9*100,0) -> 60.80402 | CW13: =MAX(CW12-BG13/BG$9*100,0) -> 81.407035 | CX13: =CX$7*EXP(-$AM13/CX$8) -> 58.988701 | CY13: =(CV13-CX13)^2 -> 3.2953834 | CZ13: =$AM13 -> 2 | DA13: =MAX(DA12-BI13/BI$9*100,0) -> 31.506849 | DB13: =MAX(DB12-BJ13/BJ$9*100,0) -> 65.753425 | DC13: =DC$7*EXP(-$AM13/DC$8) -> 37.163229 | DD13: =(DA13-DC13)^2 -> 31.994629 | DE13: =MAX(DE12-BL13/BL$9*100,0) -> 70.700637 | DF13: =MAX(DF12-BM13/BM$9*100,0) -> 92.993631 | DG13: =DG$7*EXP(-$AM13/DG$8) -> 73.086944 | DH13: =(DE13-DG13)^2 -> 5.6944637 | DI13: =$AM13 -> 2 | DJ13: =MAX(DJ12-BO13/BO$9*100,0) -> 42.051282 | DK13: =MAX(DK12-BP13/BP$9*100,0) -> 83.076923 | DL13: =DL$7*EXP(-$AM13/DL$8) -> 43.975886 | DM13: =(DJ13-DL13)^2 -> 3.7040988 | DN13: =MAX(DN12-BR13/BR$9*100,0) -> 63.819095 | DO13: =MAX(DO12-BS13/BS$9*100,0) -> 89.949749 | DP13: =DP$7*EXP(-$AM13/DP$8) -> 69.231005 | DQ13: =(DN13-DP13)^2 -> 29.288761 | DS13: =$AM13 -> 2 | DT13: =CA13 -> 15.428571 | DU13: =DU$7*EXP(-DS13/DU$8) -> 20.736481 | DV13: =(DT13-DU13)^2 -> 28.173907 | DX13: =$AM13 -> 2 | DY13: =CM13 -> 54.314721 | DZ13: =DZ$7*EXP(-DX13/DZ$8) -> 51.367184 | EA13: =(DY13-DZ13)^2 -> 8.6879725 | EC13: =$AM13 -> 2 | ED13: =CV13 -> 60.80402 | EE13: =EE$7*EXP(-EC13/EE$8) -> 59.29142 | EF13: =(ED13-EE13)^2 -> 2.2879582 | EH13: =$AM13 -> 2 | EI13: =DE13 -> 70.700637 | EJ13: =EJ$7*EXP(-EH13/EJ$8) -> 72.783679 | EK13: =(EI13-EJ13)^2 -> 4.3390649 | EM13: =AM13 -> 2 | EN13: =DN13 -> 63.819095 | EO13: =EO$7*EXP(-EM13/EO$8) -> 69.376385 | EP13: =(EN13-EO13)^2 -> 30.883468 | ER13: =$AM13 -> 2 | ES13: =BZ13 -> 12 | ET13: =ET$7*EXP(-ER13/ET$8) -> 16.920633 | EU13: =(ES13-ET13)^2 -> 24.21263 | EW13: =$AM13 -> 2 | EX13: =CI13 -> 29.411765 | EY13: =EY$7*EXP(-EW13/EY$8) -> 27.206503 | EZ13: =(EX13-EY13)^2 -> 4.8631807 | FB13: =$AM13 -> 2 | FC13: =CR13 -> 26.415094 | FD13: =FD$7*EXP(-FB13/FD$8) -> 26.496738 | FE13: =(FC13-FD13)^2 -> 0.0066657498 | FG13: =$AM13 -> 2 | FH13: =DA13 -> 31.506849 | FI13: =FI$7*EXP(-FG13/FI$8) -> 35.618106 | FJ13: =(FH13-FI13)^2 -> 16.902434 | FL13: =EM13 -> 2 | FM13: =DJ13 -> 42.051282 | FN13: =FN$7*EXP(-FL13/FN$8) -> 44.811513 | FO13: =(FM13-FN13)^2 -> 7.6188775 | FQ13: =AM13 -> 2 | FR13: =AN13/AN$9*100 -> 49.565217 | FS13: =AO13/AO$9*100 -> 49.565217 | FT13: =AQ13/AQ$9*100 -> 47.428571 | FU13: =AR13/AR$9*100 -> 48 | FV13: =AT13/AT$9*100 -> 45.454545 | FW13: =AU13/AU$9*100 -> 45.021645 | FX13: =AW13/AW$9*100 -> 47.058824 | FY13: =AX13/AX$9*100 -> 40.441176 | FZ13: =AZ13/AZ$9*100 -> 26.395939 | GA13: =BA13/BA$9*100 -> 23.857868 | GB13: =BC13/BC$9*100 -> 41.509434 | GC13: =BD13/BD$9*100 -> 32.075472 | GD13: =BF13/BF$9*100 -> 26.633166 | GE13: =BG13/BG$9*100 -> 13.567839 | GF13: =BI13/BI$9*100 -> 50 | GG13: =BJ13/BJ$9*100 -> 26.712329 | GH13: =BL13/BL$9*100 -> 22.292994 | GI13: =BM13/BM$9*100 -> 5.0955414 | GJ13: =BO13/BO$9*100 -> 38.974359 | GK13: =BP13/BP$9*100 -> 11.794872 | GL13: =BR13/BR$9*100 -> 29.648241 | GM13: =BS13/BS$9*100 -> 8.5427136 | GO13: =$AM13 -> 2 | GP13: =FT13 -> 47.428571 | GQ13: =GQ$6*(1+GQ$5*(-1)^$FQ13)*EXP(-$FQ13/GQ$4) -> 45.096562 | GR13: =(GP13-GQ13)^2 -> 5.4382685 | GS13: =EXP($FQ13/$JG$4)*GP13 -> 75.680047 | GT13: =EXP($FQ13/$JG$4)*(-1)^$FQ13*GP13 -> 75.680047 | GU13: =(-1)^GO13*GP13 -> 47.428571 | GW13: =$AM13 -> 2 | GX13: =FX13 -> 47.058824 | GY13: =GY$6*(1+GY$5*(-1)^$FQ13)*EXP(-$FQ13/GY$4) -> 45.096562 | GZ13: =(GX13-GY13)^2 -> 3.8504708 | HA13: =EXP($FQ13/$JG$4)*GX13 -> 75.090053 | HB13: =EXP($FQ13/$JG$4)*(-1)^$FQ13*GX13 -> 75.090053 | HC13: =(-1)^GW13*GX13 -> 47.058824 | HE13: =$AM13 -> 2 | HF13: =GB13 -> 41.509434 | HG13: =HG$6*(1+HG$5*(-1)^$FQ13)*EXP(-$FQ13/HG$4) -> 45.096562 | HH13: =(HF13-HG13)^2 -> 12.867487 | HI13: =EXP($FQ13/$JG$4)*HF13 -> 66.235094 | HJ13: =EXP($FQ13/$JG$4)*(-1)^$FQ13*HF13 -> 66.235094 | HK13: =(-1)^HE13*HF13 -> 41.509434 | HM13: =$AM13 -> 2 | HN13: =GF13 -> 50 | HO13: =HO$6*(1+HO$5*(-1)^$FQ13)*EXP(-$FQ13/HO$4) -> 49.880973 | HP13: =(HN13-HO13)^2 -> 0.014167486 | HQ13: =EXP($FQ13/$JG$4)*HN13 -> 79.783182 | HR13: =EXP($FQ13/$JG$4)*(-1)^$FQ13*HN13 -> 79.783182 | HS13: =(-1)^HM13*HN13 -> 50 | HU13: =$AM13 -> 2 | HV13: =GJ13 -> 38.974359 | HW13: =HW$6*(1+HW$5*(-1)^$FQ13)*EXP(-$FQ13/HW$4) -> 38.665198 | HX13: =(HV13-HW13)^2 -> 0.095580809 | HY13: =EXP($FQ13/$JG$4)*HV13 -> 62.189967 | HZ13: =EXP($FQ13/$JG$4)*(-1)^$FQ13*HV13 -> 62.189967 | IA13: =(-1)^HU13*HV13 -> 38.974359 | IB13: 13.960867 | ID13: =$AM13 -> 2 | IE13: =FZ13 -> 26.395939 | IF13: =IF$6*(1+IF$5*(-1)^$FQ13)*EXP(-$FQ13/IF$4) -> 28.306952 | IG13: =(IE13-IF13)^2 -> 3.6519713 | IH13: =EXP($FQ13/$JG$4)*IE13 -> 42.11904 | II13: =EXP($FQ13/$JG$4)*(-1)^$FQ13*IE13 -> 42.11904 | IJ13: =(-1)^ID13*IE13 -> 26.395939 | IK13: 18.186517 | IM13: =$AM13 -> 2 | IN13: =GD13 -> 26.633166 | IO13: =IO$6*(1+IO$5*(-1)^$FQ13)*EXP(-$FQ13/IO$4) -> 27.003714 | IP13: =(IN13-IO13)^2 -> 0.13730628 | IQ13: =EXP($FQ13/$JG$4)*IN13 -> 42.497574 | IR13: =EXP($FQ13/$JG$4)*(-1)^$FQ13*IN13 -> 42.497574 | IS13: =(-1)^IM13*IN13 -> 26.633166 | IT13: 16.151638 | IV13: =$AM13 -> 2 | IW13: =GH13 -> 22.292994 | IX13: =IX$6*(1+IX$5*(-1)^$FQ13)*EXP(-$FQ13/IX$4) -> 24.325942 | IY13: =(IW13-IX13)^2 -> 4.132881 | IZ13: =EXP($FQ13/$JG$4)*IW13 -> 35.572119 | JA13: =EXP($FQ13/$JG$4)*(-1)^$FQ13*IW13 -> 35.572119 | JB13: =(-1)^IV13*IW13 -> 22.292994 | JC13: 5.346802 | JE13: =$AM13 -> 2 | JF13: =GL13 -> 29.648241 | JG13: =JG$6*(1+JG$5*(-1)^$FQ13)*EXP(-$FQ13/JG$4) -> 31.292624 | JH13: =(JF13-JG13)^2 -> 2.7039942 | JI13: =EXP($FQ13/$JG$4)*JF13 -> 47.30862 | JJ13: =EXP($FQ13/$JG$4)*(-1)^$FQ13*JF13 -> 47.30862 | JK13: =(-1)^JE13*JF13 -> 29.648241 | JL13: 3.455387 | JO13: =$AM13 -> 2 | JP13: =GM13 -> 8.5427136 | JQ13: =JQ$6*(1+JQ$5*(-1)^$FQ13)*EXP(-$FQ13/JQ$4) -> 12.256591 | JR13: =(JP13-JQ13)^2 -> 13.792887 | JS13: =EXP($FQ13/$JG$4)*JP13 -> 13.631297 | JT13: =EXP($FQ13/$JG$4)*(-1)^$FQ13*JP13 -> 13.631297 | JU13: =(-1)^JO13*JP13 -> 8.5427136
A14: 1 | B14: 1 | C14: =B14-A14 -> 0 | D14: 1 | E14: 1 | F14: =E14-D14 -> 0 | G14: 1 | H14: 1 | I14: =H14-G14 -> 0 | J14: 4 | K14: 4 | L14: =K14-J14 -> 0 | M14: 1 | N14: 1 | O14: =N14-M14 -> 0 | P14: 1 | Q14: 2 | R14: =Q14-P14 -> 1 | S14: 3 | T14: 7 | U14: =T14-S14 -> 4 | V14: 2 | W14: 4 | X14: =W14-V14 -> 2 | Y14: 6 | Z14: 10 | AA14: =Z14-Y14 -> 4 | AB14: 4 | AC14: 8 | AD14: =AC14-AB14 -> 4 | AE14: 8 | AF14: 18 | AG14: =AF14-AE14 -> 10 | AI14: SS | AJ14: =COUNTIFS(H$2:H$1000,2,G$2:G$1000,0) -> 0 | AM14: 3 | AN14: 1 | AO14: 1 | AP14: 0 | AQ14: 16 | AR14: 20 | AS14: 0 | AT14: 27 | AU14: 38 | AV14: 0 | AW14: 12 | AX14: 18 | AY14: 2 | AZ14: 35 | BA14: 37 | BB14: 6 | BC14: 15 | BD14: 24 | BE14: 6 | BF14: 34 | BG14: 14 | BH14: 24 | BI14: 14 | BJ14: 23 | BK14: 13 | BL14: 12 | BM14: 7 | BN14: 15 | BO14: 25 | BP14: 35 | BQ14: 26 | BR14: 9 | BS14: 5 | BT14: 9 | BW14: =$AM14 -> 3 | BX14: =MAX(BX13-AN14/AN$9*100,0) -> 0.86956522 | BY14: =MAX(BY13-AO14/AO$9*100,0) -> 0.86956522 | BZ14: =MAX(BZ13-AQ14/AQ$9*100,0) -> 2.8571429 | CA14: =MAX(CA13-AR14/AR$9*100,0) -> 4 | CB14: =CB$7*EXP(-$AM14/CB$8) -> 4.2470743 | CC14: =(BZ14-CB14)^2 -> 1.9319095 | CD14: =MAX(CD13-AT14/AT$9*100,0) -> 3.4632035 | CE14: =MAX(CE13-AU14/AU$9*100,0) -> 4.3290043 | CF14: =CF$7*EXP(-$AM14/CF$8) -> 4.687343 | CG14: =(CD14-CF14)^2 -> 1.4985176 | CH14: =$AM14 -> 3 | CI14: =MAX(CI13-AW14/AW$9*100,0) -> 20.588235 | CJ14: =MAX(CJ13-AX14/AX$9*100,0) -> 30.882353 | CK14: =CK$7*EXP(-$AM14/CK$8) -> 13.703907 | CL14: =(CI14-CK14)^2 -> 47.393974 | CM14: =MAX(CM13-AZ14/AZ$9*100,0) -> 36.548223 | CN14: =MAX(CN13-BA14/BA$9*100,0) -> 48.22335 | CO14: =CO$7*EXP(-$AM14/CO$8) -> 31.438757 | CP14: =(CM14-CO14)^2 -> 26.106645 | CQ14: =$AM14 -> 3 | CR14: =MAX(CR13-BC14/BC$9*100,0) -> 16.981132 | CS14: =MAX(CS13-BD14/BD$9*100,0) -> 37.735849 | CT14: =CT$7*EXP(-$AM14/CT$8) -> 13.849205 | CU14: =(CR14-CT14)^2 -> 9.8089644 | CV14: =MAX(CV13-BF14/BF$9*100,0) -> 43.718593 | CW14: =MAX(CW13-BG14/BG$9*100,0) -> 74.371859 | CX14: =CX$7*EXP(-$AM14/CX$8) -> 39.02189 | CY14: =(CV14-CX14)^2 -> 22.059016 | CZ14: =$AM14 -> 3 | DA14: =MAX(DA13-BI14/BI$9*100,0) -> 21.917808 | DB14: =MAX(DB13-BJ14/BJ$9*100,0) -> 50 | DC14: =DC$7*EXP(-$AM14/DC$8) -> 17.910601 | DD14: =(DA14-DC14)^2 -> 16.057707 | DE14: =MAX(DE13-BL14/BL$9*100,0) -> 63.057325 | DF14: =MAX(DF13-BM14/BM$9*100,0) -> 88.535032 | DG14: =DG$7*EXP(-$AM14/DG$8) -> 56.92017 | DH14: =(DE14-DG14)^2 -> 37.664674 | DI14: =$AM14 -> 3 | DJ14: =MAX(DJ13-BO14/BO$9*100,0) -> 29.230769 | DK14: =MAX(DK13-BP14/BP$9*100,0) -> 65.128205 | DL14: =DL$7*EXP(-$AM14/DL$8) -> 23.810925 | DM14: =(DJ14-DL14)^2 -> 29.374715 | DN14: =MAX(DN13-BR14/BR$9*100,0) -> 59.296482 | DO14: =MAX(DO13-BS14/BS$9*100,0) -> 87.437186 | DP14: =DP$7*EXP(-$AM14/DP$8) -> 52.152008 | DQ14: =(DN14-DP14)^2 -> 51.043513 | DS14: =$AM14 -> 3 | DT14: =CA14 -> 4 | DU14: =DU$7*EXP(-DS14/DU$8) -> 7.3962025 | DV14: =(DT14-DU14)^2 -> 11.534192 | DX14: =$AM14 -> 3 | DY14: =CM14 -> 36.548223 | DZ14: =DZ$7*EXP(-DX14/DZ$8) -> 29.2887 | EA14: =(DY14-DZ14)^2 -> 52.70068 | EC14: =$AM14 -> 3 | ED14: =CV14 -> 43.718593 | EE14: =EE$7*EXP(-EC14/EE$8) -> 38.312775 | EF14: =(ED14-EE14)^2 -> 29.222869 | EH14: =$AM14 -> 3 | EI14: =DE14 -> 63.057325 | EJ14: =EJ$7*EXP(-EH14/EJ$8) -> 56.683986 | EK14: =(EI14-EJ14)^2 -> 40.619444 | EM14: =AM14 -> 3 | EN14: =DN14 -> 59.296482 | EO14: =EO$7*EXP(-EM14/EO$8) -> 52.750536 | EP14: =(EN14-EO14)^2 -> 42.849414 | ER14: =$AM14 -> 3 | ES14: =BZ14 -> 2.8571429 | ET14: =ET$7*EXP(-ER14/ET$8) -> 5.1451657 | EU14: =(ES14-ET14)^2 -> 5.2350487 | EW14: =$AM14 -> 3 | EX14: =CI14 -> 20.588235 | EY14: =EY$7*EXP(-EW14/EY$8) -> 9.0662154 | EZ14: =(EX14-EY14)^2 -> 132.75694 | FB14: =$AM14 -> 3 | FC14: =CR14 -> 16.981132 | FD14: =FD$7*EXP(-FB14/FD$8) -> 10.223006 | FE14: =(FC14-FD14)^2 -> 45.672265 | FG14: =$AM14 -> 3 | FH14: =DA14 -> 21.917808 | FI14: =FI$7*EXP(-FG14/FI$8) -> 15.586542 | FJ14: =(FH14-FI14)^2 -> 40.084936 | FL14: =EM14 -> 3 | FM14: =DJ14 -> 29.230769 | FN14: =FN$7*EXP(-FL14/FN$8) -> 23.006998 | FO14: =(FM14-FN14)^2 -> 38.735326 | FQ14: =AM14 -> 3 | FR14: =AN14/AN$9*100 -> 0.86956522 | FS14: =AO14/AO$9*100 -> 0.86956522 | FT14: =AQ14/AQ$9*100 -> 9.1428571 | FU14: =AR14/AR$9*100 -> 11.428571 | FV14: =AT14/AT$9*100 -> 11.688312 | FW14: =AU14/AU$9*100 -> 16.450216 | FX14: =AW14/AW$9*100 -> 8.8235294 | FY14: =AX14/AX$9*100 -> 13.235294 | FZ14: =AZ14/AZ$9*100 -> 17.766497 | GA14: =BA14/BA$9*100 -> 18.781726 | GB14: =BC14/BC$9*100 -> 9.4339623 | GC14: =BD14/BD$9*100 -> 15.09434 | GD14: =BF14/BF$9*100 -> 17.085427 | GE14: =BG14/BG$9*100 -> 7.0351759 | GF14: =BI14/BI$9*100 -> 9.5890411 | GG14: =BJ14/BJ$9*100 -> 15.753425 | GH14: =BL14/BL$9*100 -> 7.6433121 | GI14: =BM14/BM$9*100 -> 4.4585987 | GJ14: =BO14/BO$9*100 -> 12.820513 | GK14: =BP14/BP$9*100 -> 17.948718 | GL14: =BR14/BR$9*100 -> 4.5226131 | GM14: =BS14/BS$9*100 -> 2.5125628 | GO14: =$AM14 -> 3 | GP14: =FT14 -> 9.1428571 | GQ14: =GQ$6*(1+GQ$5*(-1)^$FQ14)*EXP(-$FQ14/GQ$4) -> 7.2362968 | GR14: =(GP14-GQ14)^2 -> 3.6349725 | GS14: =EXP($FQ14/$JG$4)*GP14 -> 18.428668 | GT14: =EXP($FQ14/$JG$4)*(-1)^$FQ14*GP14 -> -18.428668 | GU14: =(-1)^GO14*GP14 -> -9.1428571 | GW14: =$AM14 -> 3 | GX14: =FX14 -> 8.8235294 | GY14: =GY$6*(1+GY$5*(-1)^$FQ14)*EXP(-$FQ14/GY$4) -> 7.2362968 | GZ14: =(GX14-GY14)^2 -> 2.5193075 | HA14: =EXP($FQ14/$JG$4)*GX14 -> 17.78502 | HB14: =EXP($FQ14/$JG$4)*(-1)^$FQ14*GX14 -> -17.78502 | HC14: =(-1)^GW14*GX14 -> -8.8235294 | HE14: =$AM14 -> 3 | HF14: =GB14 -> 9.4339623 | HG14: =HG$6*(1+HG$5*(-1)^$FQ14)*EXP(-$FQ14/HG$4) -> 7.2362968 | HH14: =(HF14-HG14)^2 -> 4.8297336 | HI14: =EXP($FQ14/$JG$4)*HF14 -> 19.01543 | HJ14: =EXP($FQ14/$JG$4)*(-1)^$FQ14*HF14 -> -19.01543 | HK14: =(-1)^HE14*HF14 -> -9.4339623 | HM14: =$AM14 -> 3 | HN14: =GF14 -> 9.5890411 | HO14: =HO$6*(1+HO$5*(-1)^$FQ14)*EXP(-$FQ14/HO$4) -> 6.016404 | HP14: =(HN14-HO14)^2 -> 12.763736 | HQ14: =EXP($FQ14/$JG$4)*HN14 -> 19.328013 | HR14: =EXP($FQ14/$JG$4)*(-1)^$FQ14*HN14 -> -19.328013 | HS14: =(-1)^HM14*HN14 -> -9.5890411 | HU14: =$AM14 -> 3 | HV14: =GJ14 -> 12.820513 | HW14: =HW$6*(1+HW$5*(-1)^$FQ14)*EXP(-$FQ14/HW$4) -> 8.2800561 | HX14: =(HV14-HW14)^2 -> 20.615747 | HY14: =EXP($FQ14/$JG$4)*HV14 -> 25.841482 | HZ14: =EXP($FQ14/$JG$4)*(-1)^$FQ14*HV14 -> -25.841482 | IA14: =(-1)^HU14*HV14 -> -12.820513 | IB14: 15.009924 | ID14: =$AM14 -> 3 | IE14: =FZ14 -> 17.766497 | IF14: =IF$6*(1+IF$5*(-1)^$FQ14)*EXP(-$FQ14/IF$4) -> 10.448724 | IG14: =(IE14-IF14)^2 -> 53.549805 | IH14: =EXP($FQ14/$JG$4)*IE14 -> 35.810785 | II14: =EXP($FQ14/$JG$4)*(-1)^$FQ14*IE14 -> -35.810785 | IJ14: =(-1)^ID14*IE14 -> -17.766497 | IK14: 14.681435 | IM14: =$AM14 -> 3 | IN14: =GD14 -> 17.085427 | IO14: =IO$6*(1+IO$5*(-1)^$FQ14)*EXP(-$FQ14/IO$4) -> 9.3316696 | IP14: =(IN14-IO14)^2 -> 60.120757 | IQ14: =EXP($FQ14/$JG$4)*IN14 -> 34.437995 | IR14: =EXP($FQ14/$JG$4)*(-1)^$FQ14*IN14 -> -34.437995 | IS14: =(-1)^IM14*IN14 -> -17.085427 | IT14: 16.559852 | IV14: =$AM14 -> 3 | IW14: =GH14 -> 7.6433121 | IX14: =IX$6*(1+IX$5*(-1)^$FQ14)*EXP(-$FQ14/IX$4) -> 5.1753323 | IY14: =(IW14-IX14)^2 -> 6.0909244 | IZ14: =EXP($FQ14/$JG$4)*IW14 -> 15.406132 | JA14: =EXP($FQ14/$JG$4)*(-1)^$FQ14*IW14 -> -15.406132 | JB14: =(-1)^IV14*IW14 -> -7.6433121 | JC14: 20.313364 | JE14: =$AM14 -> 3 | JF14: =GL14 -> 4.5226131 | JG14: =JG$6*(1+JG$5*(-1)^$FQ14)*EXP(-$FQ14/JG$4) -> 3.7837088 | JH14: =(JF14-JG14)^2 -> 0.54597957 | JI14: =EXP($FQ14/$JG$4)*JF14 -> 9.1159399 | JJ14: =EXP($FQ14/$JG$4)*(-1)^$FQ14*JF14 -> -9.1159399 | JK14: =(-1)^JE14*JF14 -> -4.5226131 | JL14: 23.404138 | JO14: =$AM14 -> 3 | JP14: =GM14 -> 2.5125628 | JQ14: =JQ$6*(1+JQ$5*(-1)^$FQ14)*EXP(-$FQ14/JQ$4) -> 2.1550971 | JR14: =(JP14-JQ14)^2 -> 0.12778174 | JS14: =EXP($FQ14/$JG$4)*JP14 -> 5.0644111 | JT14: =EXP($FQ14/$JG$4)*(-1)^$FQ14*JP14 -> -5.0644111 | JU14: =(-1)^JO14*JP14 -> -2.5125628
A15: 2 | B15: 2 | C15: =B15-A15 -> 0 | D15: 1 | E15: 1 | F15: =E15-D15 -> 0 | G15: 1 | H15: 1 | I15: =H15-G15 -> 0 | J15: 2 | K15: 4 | L15: =K15-J15 -> 2 | M15: 6 | N15: 6 | O15: =N15-M15 -> 0 | P15: 1 | Q15: 3 | R15: =Q15-P15 -> 2 | S15: 4 | T15: 8 | U15: =T15-S15 -> 4 | V15: 1 | W15: 1 | X15: =W15-V15 -> 0 | Y15: 4 | Z15: 8 | AA15: =Z15-Y15 -> 4 | AB15: 6 | AC15: 10 | AD15: =AC15-AB15 -> 4 | AE15: 1 | AF15: 19 | AG15: =AF15-AE15 -> 18 | AM15: 4 | AN15: 1 | AO15: 1 | AP15: 0 | AQ15: 5 | AR15: 7 | AS15: 0 | AT15: 7 | AU15: 9 | AV15: 0 | AW15: 25 | AX15: 30 | AY15: 0 | AZ15: 41 | BA15: 47 | BB15: 4 | BC15: 19 | BD15: 32 | BE15: 2 | BF15: 38 | BG15: 34 | BH15: 22 | BI15: 22 | BJ15: 26 | BK15: 11 | BL15: 29 | BM15: 12 | BN15: 36 | BO15: 38 | BP15: 39 | BQ15: 23 | BR15: 47 | BS15: 28 | BT15: 33 | BW15: =$AM15 -> 4 | BX15: =MAX(BX14-AN15/AN$9*100,0) -> 0 | BY15: =MAX(BY14-AO15/AO$9*100,0) -> 0 | BZ15: =MAX(BZ14-AQ15/AQ$9*100,0) -> 0 | CA15: =MAX(CA14-AR15/AR$9*100,0) -> 0 | CB15: =CB$7*EXP(-$AM15/CB$8) -> 1.158967 | CC15: =(BZ15-CB15)^2 -> 1.3432044 | CD15: =MAX(CD14-AT15/AT$9*100,0) -> 0.43290043 | CE15: =MAX(CE14-AU15/AU$9*100,0) -> 0.43290043 | CF15: =CF$7*EXP(-$AM15/CF$8) -> 1.3218643 | CG15: =(CD15-CF15)^2 -> 0.79025681 | CH15: =$AM15 -> 4 | CI15: =MAX(CI14-AW15/AW$9*100,0) -> 2.2058824 | CJ15: =MAX(CJ14-AX15/AX$9*100,0) -> 8.8235294 | CK15: =CK$7*EXP(-$AM15/CK$8) -> 5.8297851 | CL15: =(CI15-CK15)^2 -> 13.132671 | CM15: =MAX(CM14-AZ15/AZ$9*100,0) -> 15.736041 | CN15: =MAX(CN14-BA15/BA$9*100,0) -> 24.365482 | CO15: =CO$7*EXP(-$AM15/CO$8) -> 19.438822 | CP15: =(CM15-CO15)^2 -> 13.710591 | CQ15: =$AM15 -> 4 | CR15: =MAX(CR14-BC15/BC$9*100,0) -> 5.0314465 | CS15: =MAX(CS14-BD15/BD$9*100,0) -> 17.610063 | CT15: =CT$7*EXP(-$AM15/CT$8) -> 6.3017432 | CU15: =(CR15-CT15)^2 -> 1.6136535 | CV15: =MAX(CV14-BF15/BF$9*100,0) -> 24.623116 | CW15: =MAX(CW14-BG15/BG$9*100,0) -> 57.286432 | CX15: =CX$7*EXP(-$AM15/CX$8) -> 25.813552 | CY15: =(CV15-CX15)^2 -> 1.4171396 | CZ15: =$AM15 -> 4 | DA15: =MAX(DA14-BI15/BI$9*100,0) -> 6.8493151 | DB15: =MAX(DB14-BJ15/BJ$9*100,0) -> 32.191781 | DC15: =DC$7*EXP(-$AM15/DC$8) -> 8.6319099 | DD15: =(DA15-DC15)^2 -> 3.1776442 | DE15: =MAX(DE14-BL15/BL$9*100,0) -> 44.585987 | DF15: =MAX(DF14-BM15/BM$9*100,0) -> 80.89172 | DG15: =DG$7*EXP(-$AM15/DG$8) -> 44.329473 | DH15: =(DE15-DG15)^2 -> 0.06579974 | DI15: =$AM15 -> 4 | DJ15: =MAX(DJ14-BO15/BO$9*100,0) -> 9.7435897 | DK15: =MAX(DK14-BP15/BP$9*100,0) -> 45.128205 | DL15: =DL$7*EXP(-$AM15/DL$8) -> 12.892523 | DM15: =(DJ15-DL15)^2 -> 9.9157833 | DN15: =MAX(DN14-BR15/BR$9*100,0) -> 35.678392 | DO15: =MAX(DO14-BS15/BS$9*100,0) -> 73.366834 | DP15: =DP$7*EXP(-$AM15/DP$8) -> 39.286328 | DQ15: =(DN15-DP15)^2 -> 13.017202 | DS15: =$AM15 -> 4 | DT15: =CA15 -> 0 | DU15: =DU$7*EXP(-DS15/DU$8) -> 2.638047 | DV15: =(DT15-DU15)^2 -> 6.9592918 | DX15: =$AM15 -> 4 | DY15: =CM15 -> 15.736041 | DZ15: =DZ$7*EXP(-DX15/DZ$8) -> 16.699922 | EA15: =(DY15-DZ15)^2 -> 0.92906647 | EC15: =$AM15 -> 4 | ED15: =CV15 -> 24.623116 | EE15: =EE$7*EXP(-EC15/EE$8) -> 24.756849 | EF15: =(ED15-EE15)^2 -> 0.017884554 | EH15: =$AM15 -> 4 | EI15: =DE15 -> 44.585987 | EJ15: =EJ$7*EXP(-EH15/EJ$8) -> 44.145533 | EK15: =(EI15-EJ15)^2 -> 0.19400001 | EM15: =AM15 -> 4 | EN15: =DN15 -> 35.678392 | EO15: =EO$7*EXP(-EM15/EO$8) -> 40.109023 | EP15: =(EN15-EO15)^2 -> 19.630495 | ER15: =$AM15 -> 4 | ES15: =BZ15 -> 0 | ET15: =ET$7*EXP(-ER15/ET$8) -> 1.5645236 | EU15: =(ES15-ET15)^2 -> 2.4477342 | EW15: =$AM15 -> 4 | EX15: =CI15 -> 2.2058824 | EY15: =EY$7*EXP(-EW15/EY$8) -> 3.0211991 | EZ15: =(EX15-EY15)^2 -> 0.66474144 | FB15: =$AM15 -> 4 | FC15: =CR15 -> 5.0314465 | FD15: =FD$7*EXP(-FB15/FD$8) -> 3.9442536 | FE15: =(FC15-FD15)^2 -> 1.1819884 | FG15: =$AM15 -> 4 | FH15: =DA15 -> 6.8493151 | FI15: =FI$7*EXP(-FG15/FI$8) -> 6.8206962 | FJ15: =(FH15-FI15)^2 -> 0.00081903925 | FL15: =EM15 -> 4 | FM15: =DJ15 -> 9.7435897 | FN15: =FN$7*EXP(-FL15/FN$8) -> 11.812187 | FO15: =(FM15-FN15)^2 -> 4.2790934 | FQ15: =AM15 -> 4 | FR15: =AN15/AN$9*100 -> 0.86956522 | FS15: =AO15/AO$9*100 -> 0.86956522 | FT15: =AQ15/AQ$9*100 -> 2.8571429 | FU15: =AR15/AR$9*100 -> 4 | FV15: =AT15/AT$9*100 -> 3.030303 | FW15: =AU15/AU$9*100 -> 3.8961039 | FX15: =AW15/AW$9*100 -> 18.382353 | FY15: =AX15/AX$9*100 -> 22.058824 | FZ15: =AZ15/AZ$9*100 -> 20.812183 | GA15: =BA15/BA$9*100 -> 23.857868 | GB15: =BC15/BC$9*100 -> 11.949686 | GC15: =BD15/BD$9*100 -> 20.125786 | GD15: =BF15/BF$9*100 -> 19.095477 | GE15: =BG15/BG$9*100 -> 17.085427 | GF15: =BI15/BI$9*100 -> 15.068493 | GG15: =BJ15/BJ$9*100 -> 17.808219 | GH15: =BL15/BL$9*100 -> 18.471338 | GI15: =BM15/BM$9*100 -> 7.6433121 | GJ15: =BO15/BO$9*100 -> 19.487179 | GK15: =BP15/BP$9*100 -> 20 | GL15: =BR15/BR$9*100 -> 23.61809 | GM15: =BS15/BS$9*100 -> 14.070352 | GO15: =$AM15 -> 4 | GP15: =FT15 -> 2.8571429 | GQ15: =GQ$6*(1+GQ$5*(-1)^$FQ15)*EXP(-$FQ15/GQ$4) -> 9.9110916 | GR15: =(GP15-GQ15)^2 -> 49.758193 | GS15: =EXP($FQ15/$JG$4)*GP15 -> 7.2746926 | GT15: =EXP($FQ15/$JG$4)*(-1)^$FQ15*GP15 -> 7.2746926 | GU15: =(-1)^GO15*GP15 -> 2.8571429 | GW15: =$AM15 -> 4 | GX15: =FX15 -> 18.382353 | GY15: =GY$6*(1+GY$5*(-1)^$FQ15)*EXP(-$FQ15/GY$4) -> 9.9110916 | GZ15: =(GX15-GY15)^2 -> 71.762268 | HA15: =EXP($FQ15/$JG$4)*GX15 -> 46.804089 | HB15: =EXP($FQ15/$JG$4)*(-1)^$FQ15*GX15 -> 46.804089 | HC15: =(-1)^GW15*GX15 -> 18.382353 | HE15: =$AM15 -> 4 | HF15: =GB15 -> 11.949686 | HG15: =HG$6*(1+HG$5*(-1)^$FQ15)*EXP(-$FQ15/HG$4) -> 9.9110916 | HH15: =(HF15-HG15)^2 -> 4.1558652 | HI15: =EXP($FQ15/$JG$4)*HF15 -> 30.425601 | HJ15: =EXP($FQ15/$JG$4)*(-1)^$FQ15*HF15 -> 30.425601 | HK15: =(-1)^HE15*HF15 -> 11.949686 | HM15: =$AM15 -> 4 | HN15: =GF15 -> 15.068493 | HO15: =HO$6*(1+HO$5*(-1)^$FQ15)*EXP(-$FQ15/HO$4) -> 15.059889 | HP15: =(HN15-HO15)^2 -> 7.4036547e-05 | HQ15: =EXP($FQ15/$JG$4)*HN15 -> 38.36653 | HR15: =EXP($FQ15/$JG$4)*(-1)^$FQ15*HN15 -> 38.36653 | HS15: =(-1)^HM15*HN15 -> 15.068493 | HU15: =$AM15 -> 4 | HV15: =GJ15 -> 19.487179 | HW15: =HW$6*(1+HW$5*(-1)^$FQ15)*EXP(-$FQ15/HW$4) -> 15.958381 | HX15: =(HV15-HW15)^2 -> 12.452418 | HY15: =EXP($FQ15/$JG$4)*HV15 -> 49.617134 | HZ15: =EXP($FQ15/$JG$4)*(-1)^$FQ15*HV15 -> 49.617134 | IA15: =(-1)^HU15*HV15 -> 19.487179 | IB15: 5.214548 | ID15: =$AM15 -> 4 | IE15: =FZ15 -> 20.812183 | IF15: =IF$6*(1+IF$5*(-1)^$FQ15)*EXP(-$FQ15/IF$4) -> 14.533274 | IG15: =(IE15-IF15)^2 -> 39.424697 | IH15: =EXP($FQ15/$JG$4)*IE15 -> 52.990781 | II15: =EXP($FQ15/$JG$4)*(-1)^$FQ15*IE15 -> 52.990781 | IJ15: =(-1)^ID15*IE15 -> 20.812183 | IK15: 7.941985 | IM15: =$AM15 -> 4 | IN15: =GD15 -> 19.095477 | IO15: =IO$6*(1+IO$5*(-1)^$FQ15)*EXP(-$FQ15/IO$4) -> 15.249487 | IP15: =(IN15-IO15)^2 -> 14.791643 | IQ15: =EXP($FQ15/$JG$4)*IN15 -> 48.619805 | IR15: =EXP($FQ15/$JG$4)*(-1)^$FQ15*IN15 -> 48.619805 | IS15: =(-1)^IM15*IN15 -> 19.095477 | IT15: 9.095202 | IV15: =$AM15 -> 4 | IW15: =GH15 -> 18.471338 | IX15: =IX$6*(1+IX$5*(-1)^$FQ15)*EXP(-$FQ15/IX$4) -> 16.558971 | IY15: =(IW15-IX15)^2 -> 3.6571473 | IZ15: =EXP($FQ15/$JG$4)*IW15 -> 47.030656 | JA15: =EXP($FQ15/$JG$4)*(-1)^$FQ15*IW15 -> 47.030656 | JB15: =(-1)^IV15*IW15 -> 18.471338 | JC15: 5.376399 | JE15: =$AM15 -> 4 | JF15: =GL15 -> 23.61809 | JG15: =JG$6*(1+JG$5*(-1)^$FQ15)*EXP(-$FQ15/JG$4) -> 19.61104 | JH15: =(JF15-JG15)^2 -> 16.056451 | JI15: =EXP($FQ15/$JG$4)*JF15 -> 60.135022 | JJ15: =EXP($FQ15/$JG$4)*(-1)^$FQ15*JF15 -> 60.135022 | JK15: =(-1)^JE15*JF15 -> 23.61809 | JL15: 3.551079 | JO15: =$AM15 -> 4 | JP15: =GM15 -> 14.070352 | JQ15: =JQ$6*(1+JQ$5*(-1)^$FQ15)*EXP(-$FQ15/JQ$4) -> 10.444378 | JR15: =(JP15-JQ15)^2 -> 13.147685 | JS15: =EXP($FQ15/$JG$4)*JP15 -> 35.82512 | JT15: =EXP($FQ15/$JG$4)*(-1)^$FQ15*JP15 -> 35.82512 | JU15: =(-1)^JO15*JP15 -> 14.070352
A16: 2 | B16: 2 | C16: =B16-A16 -> 0 | D16: 1 | E16: 2 | F16: =E16-D16 -> 1 | G16: 2 | H16: 2 | I16: =H16-G16 -> 0 | J16: 2 | K16: 2 | L16: =K16-J16 -> 0 | M16: 2 | N16: 2 | O16: =N16-M16 -> 0 | P16: 1 | Q16: 1 | R16: =Q16-P16 -> 0 | S16: 2 | T16: 5 | U16: =T16-S16 -> 3 | V16: 3 | W16: 3 | X16: =W16-V16 -> 0 | Y16: 2 | Z16: 8 | AA16: =Z16-Y16 -> 6 | AB16: 8 | AC16: 10 | AD16: =AC16-AB16 -> 2 | AE16: 8 | AF16: 14 | AG16: =AF16-AE16 -> 6 | AI16: CTRL D4 | AM16: 5 | AN16: 0 | AO16: 0 | AP16: 0 | AQ16: 0 | AR16: 0 | AS16: 0 | AT16: 1 | AU16: 1 | AV16: 0 | AW16: 3 | AX16: 5 | AY16: 0 | AZ16: 11 | BA16: 13 | BB16: 0 | BC16: 5 | BD16: 14 | BE16: 0 | BF16: 16 | BG16: 23 | BH16: 10 | BI16: 8 | BJ16: 15 | BK16: 2 | BL16: 9 | BM16: 14 | BN16: 5 | BO16: 5 | BP16: 17 | BQ16: 3 | BR16: 6 | BS16: 7 | BT16: 7 | BW16: =$AM16 -> 5 | BX16: =MAX(BX15-AN16/AN$9*100,0) -> 0 | BY16: =MAX(BY15-AO16/AO$9*100,0) -> 0 | BZ16: =MAX(BZ15-AQ16/AQ$9*100,0) -> 0 | CA16: =MAX(CA15-AR16/AR$9*100,0) -> 0 | CB16: =CB$7*EXP(-$AM16/CB$8) -> 0.31626581 | CC16: =(BZ16-CB16)^2 -> 0.10002406 | CD16: =MAX(CD15-AT16/AT$9*100,0) -> 0 | CE16: =MAX(CE15-AU16/AU$9*100,0) -> 5.3290705e-15 | CF16: =CF$7*EXP(-$AM16/CF$8) -> 0.37277522 | CG16: =(CD16-CF16)^2 -> 0.13896136 | CH16: =$AM16 -> 5 | CI16: =MAX(CI15-AW16/AW$9*100,0) -> 0 | CJ16: =MAX(CJ15-AX16/AX$9*100,0) -> 5.1470588 | CK16: =CK$7*EXP(-$AM16/CK$8) -> 2.4800514 | CL16: =(CI16-CK16)^2 -> 6.1506548 | CM16: =MAX(CM15-AZ16/AZ$9*100,0) -> 10.152284 | CN16: =MAX(CN15-BA16/BA$9*100,0) -> 17.766497 | CO16: =CO$7*EXP(-$AM16/CO$8) -> 12.019171 | CP16: =(CM16-CO16)^2 -> 3.4852668 | CQ16: =$AM16 -> 5 | CR16: =MAX(CR15-BC16/BC$9*100,0) -> 1.8867925 | CS16: =MAX(CS15-BD16/BD$9*100,0) -> 8.8050314 | CT16: =CT$7*EXP(-$AM16/CT$8) -> 2.8674545 | CU16: =(CR16-CT16)^2 -> 0.96169811 | CV16: =MAX(CV15-BF16/BF$9*100,0) -> 16.582915 | CW16: =MAX(CW15-BG16/BG$9*100,0) -> 45.728643 | CX16: =CX$7*EXP(-$AM16/CX$8) -> 17.076043 | CY16: =(CV16-CX16)^2 -> 0.2431758 | CZ16: =$AM16 -> 5 | DA16: =MAX(DA15-BI16/BI$9*100,0) -> 1.369863 | DB16: =MAX(DB15-BJ16/BJ$9*100,0) -> 21.917808 | DC16: =DC$7*EXP(-$AM16/DC$8) -> 4.1600986 | DD16: =(DA16-DC16)^2 -> 7.7854147 | DE16: =MAX(DE15-BL16/BL$9*100,0) -> 38.853503 | DF16: =MAX(DF15-BM16/BM$9*100,0) -> 71.974522 | DG16: =DG$7*EXP(-$AM16/DG$8) -> 34.523828 | DH16: =(DE16-DG16)^2 -> 18.746087 | DI16: =$AM16 -> 5 | DJ16: =MAX(DJ15-BO16/BO$9*100,0) -> 7.1794872 | DK16: =MAX(DK15-BP16/BP$9*100,0) -> 36.410256 | DL16: =DL$7*EXP(-$AM16/DL$8) -> 6.98071 | DM16: =(DJ16-DL16)^2 -> 0.039512365 | DN16: =MAX(DN15-BR16/BR$9*100,0) -> 32.663317 | DO16: =MAX(DO15-BS16/BS$9*100,0) -> 69.849246 | DP16: =DP$7*EXP(-$AM16/DP$8) -> 29.594557 | DQ16: =(DN16-DP16)^2 -> 9.4172871 | DS16: =$AM16 -> 5 | DT16: =CA16 -> 0 | DU16: =DU$7*EXP(-DS16/DU$8) -> 0.9409277 | DV16: =(DT16-DU16)^2 -> 0.88534494 | DX16: =$AM16 -> 5 | DY16: =CM16 -> 10.152284 | DZ16: =DZ$7*EXP(-DX16/DZ$8) -> 9.5220129 | EA16: =(DY16-DZ16)^2 -> 0.39724195 | EC16: =$AM16 -> 5 | ED16: =CV16 -> 16.582915 | EE16: =EE$7*EXP(-EC16/EE$8) -> 15.997316 | EF16: =(ED16-EE16)^2 -> 0.34292595 | EH16: =$AM16 -> 5 | EI16: =DE16 -> 38.853503 | EJ16: =EJ$7*EXP(-EH16/EJ$8) -> 34.380576 | EK16: =(EI16-EJ16)^2 -> 20.007081 | EM16: =AM16 -> 5 | EN16: =DN16 -> 32.663317 | EO16: =EO$7*EXP(-EM16/EO$8) -> 30.497013 | EP16: =(EN16-EO16)^2 -> 4.6928732 | ER16: =$AM16 -> 5 | ES16: =BZ16 -> 0 | ET16: =ET$7*EXP(-ER16/ET$8) -> 0.47573476 | EU16: =(ES16-ET16)^2 -> 0.22632357 | EW16: =$AM16 -> 5 | EX16: =CI16 -> 0 | EY16: =EY$7*EXP(-EW16/EY$8) -> 1.0067756 | EZ16: =(EX16-EY16)^2 -> 1.013597 | FB16: =$AM16 -> 5 | FC16: =CR16 -> 1.8867925 | FD16: =FD$7*EXP(-FB16/FD$8) -> 1.5217771 | FE16: =(FC16-FD16)^2 -> 0.13323622 | FG16: =$AM16 -> 5 | FH16: =DA16 -> 1.369863 | FI16: =FI$7*EXP(-FG16/FI$8) -> 2.9847478 | FJ16: =(FH16-FI16)^2 -> 2.607853 | FL16: =EM16 -> 5 | FM16: =DJ16 -> 7.1794872 | FN16: =FN$7*EXP(-FL16/FN$8) -> 6.0645789 | FO16: =(FM16-FN16)^2 -> 1.2430205 | FQ16: =AM16 -> 5 | FR16: =AN16/AN$9*100 -> 0 | FS16: =AO16/AO$9*100 -> 0 | FT16: =AQ16/AQ$9*100 -> 0 | FU16: =AR16/AR$9*100 -> 0 | FV16: =AT16/AT$9*100 -> 0.43290043 | FW16: =AU16/AU$9*100 -> 0.43290043 | FX16: =AW16/AW$9*100 -> 2.2058824 | FY16: =AX16/AX$9*100 -> 3.6764706 | FZ16: =AZ16/AZ$9*100 -> 5.5837563 | GA16: =BA16/BA$9*100 -> 6.5989848 | GB16: =BC16/BC$9*100 -> 3.1446541 | GC16: =BD16/BD$9*100 -> 8.8050314 | GD16: =BF16/BF$9*100 -> 8.040201 | GE16: =BG16/BG$9*100 -> 11.557789 | GF16: =BI16/BI$9*100 -> 5.4794521 | GG16: =BJ16/BJ$9*100 -> 10.273973 | GH16: =BL16/BL$9*100 -> 5.7324841 | GI16: =BM16/BM$9*100 -> 8.9171975 | GJ16: =BO16/BO$9*100 -> 2.5641026 | GK16: =BP16/BP$9*100 -> 8.7179487 | GL16: =BR16/BR$9*100 -> 3.0150754 | GM16: =BS16/BS$9*100 -> 3.5175879 | GO16: =$AM16 -> 5 | GP16: =FT16 -> 0 | GQ16: =GQ$6*(1+GQ$5*(-1)^$FQ16)*EXP(-$FQ16/GQ$4) -> 1.5903563 | GR16: =(GP16-GQ16)^2 -> 2.5292331 | GS16: =EXP($FQ16/$JG$4)*GP16 -> 0 | GT16: =EXP($FQ16/$JG$4)*(-1)^$FQ16*GP16 -> 0 | GU16: =(-1)^GO16*GP16 -> 0 | GW16: =$AM16 -> 5 | GX16: =FX16 -> 2.2058824 | GY16: =GY$6*(1+GY$5*(-1)^$FQ16)*EXP(-$FQ16/GY$4) -> 1.5903563 | GZ16: =(GX16-GY16)^2 -> 0.37887235 | HA16: =EXP($FQ16/$JG$4)*GX16 -> 7.0947274 | HB16: =EXP($FQ16/$JG$4)*(-1)^$FQ16*GX16 -> -7.0947274 | HC16: =(-1)^GW16*GX16 -> -2.2058824 | HE16: =$AM16 -> 5 | HF16: =GB16 -> 3.1446541 | HG16: =HG$6*(1+HG$5*(-1)^$FQ16)*EXP(-$FQ16/HG$4) -> 1.5903563 | HH16: =(HF16-HG16)^2 -> 2.4158417 | HI16: =EXP($FQ16/$JG$4)*HF16 -> 10.114077 | HJ16: =EXP($FQ16/$JG$4)*(-1)^$FQ16*HF16 -> -10.114077 | HK16: =(-1)^HE16*HF16 -> -3.1446541 | HM16: =$AM16 -> 5 | HN16: =GF16 -> 5.4794521 | HO16: =HO$6*(1+HO$5*(-1)^$FQ16)*EXP(-$FQ16/HO$4) -> 1.8164516 | HP16: =(HN16-HO16)^2 -> 13.417572 | HQ16: =EXP($FQ16/$JG$4)*HN16 -> 17.623432 | HR16: =EXP($FQ16/$JG$4)*(-1)^$FQ16*HN16 -> -17.623432 | HS16: =(-1)^HM16*HN16 -> -5.4794521 | HU16: =$AM16 -> 5 | HV16: =GJ16 -> 2.5641026 | HW16: =HW$6*(1+HW$5*(-1)^$FQ16)*EXP(-$FQ16/HW$4) -> 3.4174477 | HX16: =(HV16-HW16)^2 -> 0.72819794 | HY16: =EXP($FQ16/$JG$4)*HV16 -> 8.2468626 | HZ16: =EXP($FQ16/$JG$4)*(-1)^$FQ16*HV16 -> -8.2468626 | IA16: =(-1)^HU16*HV16 -> -2.5641026 | IB16: 3.71802 | ID16: =$AM16 -> 5 | IE16: =FZ16 -> 5.5837563 | IF16: =IF$6*(1+IF$5*(-1)^$FQ16)*EXP(-$FQ16/IF$4) -> 5.3645539 | IG16: =(IE16-IF16)^2 -> 0.048049719 | IH16: =EXP($FQ16/$JG$4)*IE16 -> 17.958904 | II16: =EXP($FQ16/$JG$4)*(-1)^$FQ16*IE16 -> -17.958904 | IJ16: =(-1)^ID16*IE16 -> -5.5837563 | IK16: 4.824121 | IM16: =$AM16 -> 5 | IN16: =GD16 -> 8.040201 | IO16: =IO$6*(1+IO$5*(-1)^$FQ16)*EXP(-$FQ16/IO$4) -> 5.2697629 | IP16: =(IN16-IO16)^2 -> 7.6753273 | IQ16: =EXP($FQ16/$JG$4)*IN16 -> 25.859509 | IR16: =EXP($FQ16/$JG$4)*(-1)^$FQ16*IN16 -> -25.859509 | IS16: =(-1)^IM16*IN16 -> -8.040201 | IT16: 6.746589 | IV16: =$AM16 -> 5 | IW16: =GH16 -> 5.7324841 | IX16: =IX$6*(1+IX$5*(-1)^$FQ16)*EXP(-$FQ16/IX$4) -> 3.5229128 | IY16: =(IW16-IX16)^2 -> 4.882205 | IZ16: =EXP($FQ16/$JG$4)*IW16 -> 18.437253 | JA16: =EXP($FQ16/$JG$4)*(-1)^$FQ16*IW16 -> -18.437253 | JB16: =(-1)^IV16*IW16 -> -5.7324841 | JC16: 13.284644 | JE16: =$AM16 -> 5 | JF16: =GL16 -> 3.0150754 | JG16: =JG$6*(1+JG$5*(-1)^$FQ16)*EXP(-$FQ16/JG$4) -> 2.3712446 | JH16: =(JF16-JG16)^2 -> 0.41451808 | JI16: =EXP($FQ16/$JG$4)*JF16 -> 9.6973158 | JJ16: =EXP($FQ16/$JG$4)*(-1)^$FQ16*JF16 -> -9.6973158 | JK16: =(-1)^JE16*JF16 -> -3.0150754 | JL16: 14.64671 | JO16: =$AM16 -> 5 | JP16: =GM16 -> 3.5175879 | JQ16: =JQ$6*(1+JQ$5*(-1)^$FQ16)*EXP(-$FQ16/JQ$4) -> 1.8364526 | JR16: =(JP16-JQ16)^2 -> 2.826216 | JS16: =EXP($FQ16/$JG$4)*JP16 -> 11.313535 | JT16: =EXP($FQ16/$JG$4)*(-1)^$FQ16*JP16 -> -11.313535 | JU16: =(-1)^JO16*JP16 -> -3.5175879
A17: 2 | B17: 2 | C17: =B17-A17 -> 0 | D17: 1 | E17: 1 | F17: =E17-D17 -> 0 | G17: 2 | H17: 2 | I17: =H17-G17 -> 0 | J17: 2 | K17: 2 | L17: =K17-J17 -> 0 | M17: 3 | N17: 5 | O17: =N17-M17 -> 2 | P17: 2 | Q17: 4 | R17: =Q17-P17 -> 2 | S17: 3 | T17: 3 | U17: =T17-S17 -> 0 | V17: 1 | W17: 2 | X17: =W17-V17 -> 1 | Y17: 6 | Z17: 10 | AA17: =Z17-Y17 -> 4 | AB17: 4 | AC17: 10 | AD17: =AC17-AB17 -> 6 | AE17: 6 | AF17: 20 | AG17: =AF17-AE17 -> 14 | AI17: BB | AJ17: =COUNTIFS(K$2:K$1000,2,J$2:J$1000,2) -> 48 | AM17: 6 | AN17: 0 | AO17: 0 | AP17: 0 | AQ17: 0 | AR17: 0 | AS17: 0 | AT17: 0 | AU17: 0 | AV17: 0 | AW17: 0 | AX17: 4 | AY17: 0 | AZ17: 10 | BA17: 17 | BB17: 0 | BC17: 2 | BD17: 12 | BE17: 0 | BF17: 17 | BG17: 18 | BH17: 11 | BI17: 2 | BJ17: 17 | BK17: 0 | BL17: 30 | BM17: 22 | BN17: 17 | BO17: 9 | BP17: 30 | BQ17: 8 | BR17: 26 | BS17: 13 | BT17: 26 | BW17: =$AM17 -> 6 | BX17: =MAX(BX16-AN17/AN$9*100,0) -> 0 | BY17: =MAX(BY16-AO17/AO$9*100,0) -> 0 | BZ17: =MAX(BZ16-AQ17/AQ$9*100,0) -> 0 | CA17: =MAX(CA16-AR17/AR$9*100,0) -> 0 | CB17: =CB$7*EXP(-$AM17/CB$8) -> 0.0863045 | CC17: =(BZ17-CB17)^2 -> 0.0074484667 | CD17: =MAX(CD16-AT17/AT$9*100,0) -> 0 | CE17: =MAX(CE16-AU17/AU$9*100,0) -> 5.3290705e-15 | CF17: =CF$7*EXP(-$AM17/CF$8) -> 0.10512528 | CG17: =(CD17-CF17)^2 -> 0.011051325 | CH17: =$AM17 -> 6 | CI17: =MAX(CI16-AW17/AW$9*100,0) -> 0 | CJ17: =MAX(CJ16-AX17/AX$9*100,0) -> 2.2058824 | CK17: =CK$7*EXP(-$AM17/CK$8) -> 1.0550397 | CL17: =(CI17-CK17)^2 -> 1.1131088 | CM17: =MAX(CM16-AZ17/AZ$9*100,0) -> 5.0761421 | CN17: =MAX(CN16-BA17/BA$9*100,0) -> 9.1370558 | CO17: =CO$7*EXP(-$AM17/CO$8) -> 7.4315447 | CP17: =(CM17-CO17)^2 -> 5.5479215 | CQ17: =$AM17 -> 6 | CR17: =MAX(CR16-BC17/BC$9*100,0) -> 0.62893082 | CS17: =MAX(CS16-BD17/BD$9*100,0) -> 1.2578616 | CT17: =CT$7*EXP(-$AM17/CT$8) -> 1.3047652 | CU17: =(CR17-CT17)^2 -> 0.45675218 | CV17: =MAX(CV16-BF17/BF$9*100,0) -> 8.040201 | CW17: =MAX(CW16-BG17/BG$9*100,0) -> 36.683417 | CX17: =CX$7*EXP(-$AM17/CX$8) -> 11.296053 | CY17: =(CV17-CX17)^2 -> 10.600571 | CZ17: =$AM17 -> 6 | DA17: =MAX(DA16-BI17/BI$9*100,0) -> 0 | DB17: =MAX(DB16-BJ17/BJ$9*100,0) -> 10.273973 | DC17: =DC$7*EXP(-$AM17/DC$8) -> 2.0049353 | DD17: =(DA17-DC17)^2 -> 4.0197654 | DE17: =MAX(DE16-BL17/BL$9*100,0) -> 19.745223 | DF17: =MAX(DF16-BM17/BM$9*100,0) -> 57.961783 | DG17: =DG$7*EXP(-$AM17/DG$8) -> 26.887184 | DH17: =(DE17-DG17)^2 -> 51.007612 | DI17: =$AM17 -> 6 | DJ17: =MAX(DJ16-BO17/BO$9*100,0) -> 2.5641026 | DK17: =MAX(DK16-BP17/BP$9*100,0) -> 21.025641 | DL17: =DL$7*EXP(-$AM17/DL$8) -> 3.7797342 | DM17: =(DJ17-DL17)^2 -> 1.4777604 | DN17: =MAX(DN16-BR17/BR$9*100,0) -> 19.59799 | DO17: =MAX(DO16-BS17/BS$9*100,0) -> 63.316583 | DP17: =DP$7*EXP(-$AM17/DP$8) -> 22.293705 | DQ17: =(DN17-DP17)^2 -> 7.2668771 | DS17: =$AM17 -> 6 | DT17: =CA17 -> 0 | DU17: =DU$7*EXP(-DS17/DU$8) -> 0.33560621 | DV17: =(DT17-DU17)^2 -> 0.11263153 | DX17: =$AM17 -> 6 | DY17: =CM17 -> 5.0761421 | DZ17: =DZ$7*EXP(-DX17/DZ$8) -> 5.4292908 | EA17: =(DY17-DZ17)^2 -> 0.12471398 | EC17: =$AM17 -> 6 | ED17: =CV17 -> 8.040201 | EE17: =EE$7*EXP(-EC17/EE$8) -> 10.337104 | EF17: =(ED17-EE17)^2 -> 5.2757619 | EH17: =$AM17 -> 6 | EI17: =DE17 -> 19.745223 | EJ17: =EJ$7*EXP(-EH17/EJ$8) -> 26.775619 | EK17: =(EI17-EJ17)^2 -> 49.426472 | EM17: =AM17 -> 6 | EN17: =DN17 -> 19.59799 | EO17: =EO$7*EXP(-EM17/EO$8) -> 23.188492 | EP17: =(EN17-EO17)^2 -> 12.891706 | ER17: =$AM17 -> 6 | ES17: =BZ17 -> 0 | ET17: =ET$7*EXP(-ER17/ET$8) -> 0.14465973 | EU17: =(ES17-ET17)^2 -> 0.020926437 | EW17: =$AM17 -> 6 | EX17: =CI17 -> 0 | EY17: =EY$7*EXP(-EW17/EY$8) -> 0.33549495 | EZ17: =(EX17-EY17)^2 -> 0.11255686 | FB17: =$AM17 -> 6 | FC17: =CR17 -> 0.62893082 | FD17: =FD$7*EXP(-FB17/FD$8) -> 0.58713402 | FE17: =(FC17-FD17)^2 -> 0.0017469719 | FG17: =$AM17 -> 6 | FH17: =DA17 -> 0 | FI17: =FI$7*EXP(-FG17/FI$8) -> 1.3061306 | FJ17: =(FH17-FI17)^2 -> 1.705977 | FL17: =EM17 -> 6 | FM17: =DJ17 -> 2.5641026 | FN17: =FN$7*EXP(-FL17/FN$8) -> 3.1136586 | FO17: =(FM17-FN17)^2 -> 0.30201185 | FQ17: =AM17 -> 6 | FR17: =AN17/AN$9*100 -> 0 | FS17: =AO17/AO$9*100 -> 0 | FT17: =AQ17/AQ$9*100 -> 0 | FU17: =AR17/AR$9*100 -> 0 | FV17: =AT17/AT$9*100 -> 0 | FW17: =AU17/AU$9*100 -> 0 | FX17: =AW17/AW$9*100 -> 0 | FY17: =AX17/AX$9*100 -> 2.9411765 | FZ17: =AZ17/AZ$9*100 -> 5.0761421 | GA17: =BA17/BA$9*100 -> 8.6294416 | GB17: =BC17/BC$9*100 -> 1.2578616 | GC17: =BD17/BD$9*100 -> 7.5471698 | GD17: =BF17/BF$9*100 -> 8.5427136 | GE17: =BG17/BG$9*100 -> 9.0452261 | GF17: =BI17/BI$9*100 -> 1.369863 | GG17: =BJ17/BJ$9*100 -> 11.643836 | GH17: =BL17/BL$9*100 -> 19.10828 | GI17: =BM17/BM$9*100 -> 14.012739 | GJ17: =BO17/BO$9*100 -> 4.6153846 | GK17: =BP17/BP$9*100 -> 15.384615 | GL17: =BR17/BR$9*100 -> 13.065327 | GM17: =BS17/BS$9*100 -> 6.5326633 | GO17: =$AM17 -> 6 | GP17: =FT17 -> 0 | GQ17: =GQ$6*(1+GQ$5*(-1)^$FQ17)*EXP(-$FQ17/GQ$4) -> 2.178209 | GR17: =(GP17-GQ17)^2 -> 4.7445945 | GS17: =EXP($FQ17/$JG$4)*GP17 -> 0 | GT17: =EXP($FQ17/$JG$4)*(-1)^$FQ17*GP17 -> 0 | GU17: =(-1)^GO17*GP17 -> 0 | GW17: =$AM17 -> 6 | GX17: =FX17 -> 0 | GY17: =GY$6*(1+GY$5*(-1)^$FQ17)*EXP(-$FQ17/GY$4) -> 2.178209 | GZ17: =(GX17-GY17)^2 -> 4.7445945 | HA17: =EXP($FQ17/$JG$4)*GX17 -> 0 | HB17: =EXP($FQ17/$JG$4)*(-1)^$FQ17*GX17 -> 0 | HC17: =(-1)^GW17*GX17 -> 0 | HE17: =$AM17 -> 6 | HF17: =GB17 -> 1.2578616 | HG17: =HG$6*(1+HG$5*(-1)^$FQ17)*EXP(-$FQ17/HG$4) -> 2.178209 | HH17: =(HF17-HG17)^2 -> 0.84703927 | HI17: =EXP($FQ17/$JG$4)*HF17 -> 5.1104237 | HJ17: =EXP($FQ17/$JG$4)*(-1)^$FQ17*HF17 -> 5.1104237 | HK17: =(-1)^HE17*HF17 -> 1.2578616 | HM17: =$AM17 -> 6 | HN17: =GF17 -> 1.369863 | HO17: =HO$6*(1+HO$5*(-1)^$FQ17)*EXP(-$FQ17/HO$4) -> 4.5468289 | HP17: =(HN17-HO17)^2 -> 10.093112 | HQ17: =EXP($FQ17/$JG$4)*HN17 -> 5.5654615 | HR17: =EXP($FQ17/$JG$4)*(-1)^$FQ17*HN17 -> 5.5654615 | HS17: =(-1)^HM17*HN17 -> 1.369863 | HU17: =$AM17 -> 6 | HV17: =GJ17 -> 4.6153846 | HW17: =HW$6*(1+HW$5*(-1)^$FQ17)*EXP(-$FQ17/HW$4) -> 6.5865415 | HX17: =(HV17-HW17)^2 -> 3.8854595 | HY17: =EXP($FQ17/$JG$4)*HV17 -> 18.751324 | HZ17: =EXP($FQ17/$JG$4)*(-1)^$FQ17*HV17 -> 18.751324 | IA17: =(-1)^HU17*HV17 -> 4.6153846 | IB17: 1.428788 | ID17: =$AM17 -> 6 | IE17: =FZ17 -> 5.0761421 | IF17: =IF$6*(1+IF$5*(-1)^$FQ17)*EXP(-$FQ17/IF$4) -> 7.4616316 | IG17: =(IE17-IF17)^2 -> 5.69056 | IH17: =EXP($FQ17/$JG$4)*IE17 -> 20.623284 | II17: =EXP($FQ17/$JG$4)*(-1)^$FQ17*IE17 -> 20.623284 | IJ17: =(-1)^ID17*IE17 -> 5.0761421 | IK17: 2.596137 | IM17: =$AM17 -> 6 | IN17: =GD17 -> 8.5427136 | IO17: =IO$6*(1+IO$5*(-1)^$FQ17)*EXP(-$FQ17/IO$4) -> 8.6116616 | IP17: =(IN17-IO17)^2 -> 0.0047538327 | IQ17: =EXP($FQ17/$JG$4)*IN17 -> 34.707225 | IR17: =EXP($FQ17/$JG$4)*(-1)^$FQ17*IN17 -> 34.707225 | IS17: =(-1)^IM17*IN17 -> 8.5427136 | IT17: 3.820671 | IV17: =$AM17 -> 6 | IW17: =GH17 -> 19.10828 | IX17: =IX$6*(1+IX$5*(-1)^$FQ17)*EXP(-$FQ17/IX$4) -> 11.271897 | IY17: =(IW17-IX17)^2 -> 61.408909 | IZ17: =EXP($FQ17/$JG$4)*IW17 -> 77.63287 | JA17: =EXP($FQ17/$JG$4)*(-1)^$FQ17*IW17 -> 77.63287 | JB17: =(-1)^IV17*IW17 -> 19.10828 | JC17: 4.210775 | JE17: =$AM17 -> 6 | JF17: =GL17 -> 13.065327 | JG17: =JG$6*(1+JG$5*(-1)^$FQ17)*EXP(-$FQ17/JG$4) -> 12.290209 | JH17: =(JF17-JG17)^2 -> 0.60080658 | JI17: =EXP($FQ17/$JG$4)*JF17 -> 53.081637 | JJ17: =EXP($FQ17/$JG$4)*(-1)^$FQ17*JF17 -> 53.081637 | JK17: =(-1)^JE17*JF17 -> 13.065327 | JL17: 2.739587 | JO17: =$AM17 -> 6 | JP17: =GM17 -> 6.5326633 | JQ17: =JQ$6*(1+JQ$5*(-1)^$FQ17)*EXP(-$FQ17/JQ$4) -> 8.9001119 | JR17: =(JP17-JQ17)^2 -> 5.6048129 | JS17: =EXP($FQ17/$JG$4)*JP17 -> 26.540819 | JT17: =EXP($FQ17/$JG$4)*(-1)^$FQ17*JP17 -> 26.540819 | JU17: =(-1)^JO17*JP17 -> 6.5326633
A18: 1 | B18: 1 | C18: =B18-A18 -> 0 | D18: 1 | E18: 1 | F18: =E18-D18 -> 0 | G18: 1 | H18: 1 | I18: =H18-G18 -> 0 | J18: 1 | K18: 1 | L18: =K18-J18 -> 0 | M18: 2 | N18: 2 | O18: =N18-M18 -> 0 | P18: 3 | Q18: 3 | R18: =Q18-P18 -> 0 | S18: 2 | T18: 4 | U18: =T18-S18 -> 2 | V18: 2 | W18: 2 | X18: =W18-V18 -> 0 | Y18: 4 | Z18: 8 | AA18: =Z18-Y18 -> 4 | AB18: 4 | AC18: 7 | AD18: =AC18-AB18 -> 3 | AE18: 30 | AF18: 42 | AG18: =AF18-AE18 -> 12 | AI18: BS | AJ18: =COUNTIFS(K$2:K$1000,2,J$2:J$1000,1) -> 7 | AM18: 7 | AN18: 0 | AO18: 0 | AP18: 0 | AQ18: 0 | AR18: 0 | AS18: 0 | AT18: 0 | AU18: 0 | AV18: 0 | AW18: 0 | AX18: 3 | AY18: 0 | AZ18: 6 | BA18: 8 | BB18: 0 | BC18: 0 | BD18: 0 | BE18: 0 | BF18: 5 | BG18: 11 | BH18: 3 | BI18: 0 | BJ18: 5 | BK18: 0 | BL18: 2 | BM18: 5 | BN18: 1 | BO18: 1 | BP18: 13 | BQ18: 0 | BR18: 1 | BS18: 6 | BT18: 3 | BW18: =$AM18 -> 7 | BX18: =MAX(BX17-AN18/AN$9*100,0) -> 0 | BY18: =MAX(BY17-AO18/AO$9*100,0) -> 0 | BZ18: =MAX(BZ17-AQ18/AQ$9*100,0) -> 0 | CA18: =MAX(CA17-AR18/AR$9*100,0) -> 0 | CB18: =CB$7*EXP(-$AM18/CB$8) -> 0.023551286 | CC18: =(BZ18-CB18)^2 -> 0.00055466309 | CD18: =MAX(CD17-AT18/AT$9*100,0) -> 0 | CE18: =MAX(CE17-AU18/AU$9*100,0) -> 5.3290705e-15 | CF18: =CF$7*EXP(-$AM18/CF$8) -> 0.029646084 | CG18: =(CD18-CF18)^2 -> 0.00087889029 | CH18: =$AM18 -> 7 | CI18: =MAX(CI17-AW18/AW$9*100,0) -> 0 | CJ18: =MAX(CJ17-AX18/AX$9*100,0) -> 0 | CK18: =CK$7*EXP(-$AM18/CK$8) -> 0.44882491 | CL18: =(CI18-CK18)^2 -> 0.2014438 | CM18: =MAX(CM17-AZ18/AZ$9*100,0) -> 2.0304569 | CN18: =MAX(CN17-BA18/BA$9*100,0) -> 5.0761421 | CO18: =CO$7*EXP(-$AM18/CO$8) -> 4.5949805 | CP18: =(CM18-CO18)^2 -> 6.5767816 | CQ18: =$AM18 -> 7 | CR18: =MAX(CR17-BC18/BC$9*100,0) -> 0.62893082 | CS18: =MAX(CS17-BD18/BD$9*100,0) -> 1.2578616 | CT18: =CT$7*EXP(-$AM18/CT$8) -> 0.5937016 | CU18: =(CR18-CT18)^2 -> 0.0012410975 | CV18: =MAX(CV17-BF18/BF$9*100,0) -> 5.5276382 | CW18: =MAX(CW17-BG18/BG$9*100,0) -> 31.155779 | CX18: =CX$7*EXP(-$AM18/CX$8) -> 7.4725045 | CY18: =(CV18-CX18)^2 -> 3.7825049 | CZ18: =$AM18 -> 7 | DA18: =MAX(DA17-BI18/BI$9*100,0) -> 0 | DB18: =MAX(DB17-BJ18/BJ$9*100,0) -> 6.8493151 | DC18: =DC$7*EXP(-$AM18/DC$8) -> 0.96626685 | DD18: =(DA18-DC18)^2 -> 0.93367163 | DE18: =MAX(DE17-BL18/BL$9*100,0) -> 18.471338 | DF18: =MAX(DF17-BM18/BM$9*100,0) -> 54.77707 | DG18: =DG$7*EXP(-$AM18/DG$8) -> 20.93976 | DH18: =(DE18-DG18)^2 -> 6.0931102 | DI18: =$AM18 -> 7 | DJ18: =MAX(DJ17-BO18/BO$9*100,0) -> 2.0512821 | DK18: =MAX(DK17-BP18/BP$9*100,0) -> 14.358974 | DL18: =DL$7*EXP(-$AM18/DL$8) -> 2.0465527 | DM18: =(DJ18-DL18)^2 -> 2.2366791e-05 | DN18: =MAX(DN17-BR18/BR$9*100,0) -> 19.095477 | DO18: =MAX(DO17-BS18/BS$9*100,0) -> 60.301508 | DP18: =DP$7*EXP(-$AM18/DP$8) -> 16.793942 | DQ18: =(DN18-DP18)^2 -> 5.2970662 | DS18: =$AM18 -> 7 | DT18: =CA18 -> 0 | DU18: =DU$7*EXP(-DS18/DU$8) -> 0.11970264 | DV18: =(DT18-DU18)^2 -> 0.014328721 | DX18: =$AM18 -> 7 | DY18: =CM18 -> 2.0304569 | DZ18: =DZ$7*EXP(-DX18/DZ$8) -> 3.0956898 | EA18: =(DY18-DZ18)^2 -> 1.1347213 | EC18: =$AM18 -> 7 | ED18: =CV18 -> 5.5276382 | EE18: =EE$7*EXP(-EC18/EE$8) -> 6.6796026 | EF18: =(ED18-EE18)^2 -> 1.3270221 | EH18: =$AM18 -> 7 | EI18: =DE18 -> 18.471338 | EJ18: =EJ$7*EXP(-EH18/EJ$8) -> 20.852873 | EK18: =(EI18-EJ18)^2 -> 5.671712 | EM18: =AM18 -> 7 | EN18: =DN18 -> 19.095477 | EO18: =EO$7*EXP(-EM18/EO$8) -> 17.631437 | EP18: =(EN18-EO18)^2 -> 2.1434131 | ER18: =$AM18 -> 7 | ES18: =BZ18 -> 0 | ET18: =ET$7*EXP(-ER18/ET$8) -> 0.043987614 | EU18: =(ES18-ET18)^2 -> 0.0019349102 | EW18: =$AM18 -> 7 | EX18: =CI18 -> 0 | EY18: =EY$7*EXP(-EW18/EY$8) -> 0.11179936 | EZ18: =(EX18-EY18)^2 -> 0.012499096 | FB18: =$AM18 -> 7 | FC18: =CR18 -> 0.62893082 | FD18: =FD$7*EXP(-FB18/FD$8) -> 0.22652882 | FE18: =(FC18-FD18)^2 -> 0.16192737 | FG18: =$AM18 -> 7 | FH18: =DA18 -> 0 | FI18: =FI$7*EXP(-FG18/FI$8) -> 0.57156487 | FJ18: =(FH18-FI18)^2 -> 0.3266864 | FL18: =EM18 -> 7 | FM18: =DJ18 -> 2.0512821 | FN18: =FN$7*EXP(-FL18/FN$8) -> 1.5986056 | FO18: =(FM18-FN18)^2 -> 0.20491594 | FQ18: =AM18 -> 7 | FR18: =AN18/AN$9*100 -> 0 | FS18: =AO18/AO$9*100 -> 0 | FT18: =AQ18/AQ$9*100 -> 0 | FU18: =AR18/AR$9*100 -> 0 | FV18: =AT18/AT$9*100 -> 0 | FW18: =AU18/AU$9*100 -> 0 | FX18: =AW18/AW$9*100 -> 0 | FY18: =AX18/AX$9*100 -> 2.2058824 | FZ18: =AZ18/AZ$9*100 -> 3.0456853 | GA18: =BA18/BA$9*100 -> 4.0609137 | GB18: =BC18/BC$9*100 -> 0 | GC18: =BD18/BD$9*100 -> 0 | GD18: =BF18/BF$9*100 -> 2.5125628 | GE18: =BG18/BG$9*100 -> 5.5276382 | GF18: =BI18/BI$9*100 -> 0 | GG18: =BJ18/BJ$9*100 -> 3.4246575 | GH18: =BL18/BL$9*100 -> 1.2738854 | GI18: =BM18/BM$9*100 -> 3.1847134 | GJ18: =BO18/BO$9*100 -> 0.51282051 | GK18: =BP18/BP$9*100 -> 6.6666667 | GL18: =BR18/BR$9*100 -> 0.50251256 | GM18: =BS18/BS$9*100 -> 3.0150754 | GO18: =$AM18 -> 7 | GP18: =FT18 -> 0 | GQ18: =GQ$6*(1+GQ$5*(-1)^$FQ18)*EXP(-$FQ18/GQ$4) -> 0.34952036 | GR18: =(GP18-GQ18)^2 -> 0.12216449 | GS18: =EXP($FQ18/$JG$4)*GP18 -> 0 | GT18: =EXP($FQ18/$JG$4)*(-1)^$FQ18*GP18 -> 0 | GU18: =(-1)^GO18*GP18 -> 0 | GW18: =$AM18 -> 7 | GX18: =FX18 -> 0 | GY18: =GY$6*(1+GY$5*(-1)^$FQ18)*EXP(-$FQ18/GY$4) -> 0.34952036 | GZ18: =(GX18-GY18)^2 -> 0.12216449 | HA18: =EXP($FQ18/$JG$4)*GX18 -> 0 | HB18: =EXP($FQ18/$JG$4)*(-1)^$FQ18*GX18 -> 0 | HC18: =(-1)^GW18*GX18 -> 0 | HE18: =$AM18 -> 7 | HF18: =GB18 -> 0 | HG18: =HG$6*(1+HG$5*(-1)^$FQ18)*EXP(-$FQ18/HG$4) -> 0.34952036 | HH18: =(HF18-HG18)^2 -> 0.12216449 | HI18: =EXP($FQ18/$JG$4)*HF18 -> 0 | HJ18: =EXP($FQ18/$JG$4)*(-1)^$FQ18*HF18 -> 0 | HK18: =(-1)^HE18*HF18 -> 0 | HM18: =$AM18 -> 7 | HN18: =GF18 -> 0 | HO18: =HO$6*(1+HO$5*(-1)^$FQ18)*EXP(-$FQ18/HO$4) -> 0.54841672 | HP18: =(HN18-HO18)^2 -> 0.3007609 | HQ18: =EXP($FQ18/$JG$4)*HN18 -> 0 | HR18: =EXP($FQ18/$JG$4)*(-1)^$FQ18*HN18 -> 0 | HS18: =(-1)^HM18*HN18 -> 0 | HU18: =$AM18 -> 7 | HV18: =GJ18 -> 0.51282051 | HW18: =HW$6*(1+HW$5*(-1)^$FQ18)*EXP(-$FQ18/HW$4) -> 1.4104915 | HX18: =(HV18-HW18)^2 -> 0.80581323 | HY18: =EXP($FQ18/$JG$4)*HV18 -> 2.6318437 | HZ18: =EXP($FQ18/$JG$4)*(-1)^$FQ18*HV18 -> -2.6318437 | IA18: =(-1)^HU18*HV18 -> -0.51282051 | IB18: 0.811065 | ID18: =$AM18 -> 7 | IE18: =FZ18 -> 3.0456853 | IF18: =IF$6*(1+IF$5*(-1)^$FQ18)*EXP(-$FQ18/IF$4) -> 2.7542538 | IG18: =(IE18-IF18)^2 -> 0.084932307 | IH18: =EXP($FQ18/$JG$4)*IE18 -> 15.630747 | II18: =EXP($FQ18/$JG$4)*(-1)^$FQ18*IE18 -> -15.630747 | IJ18: =(-1)^ID18*IE18 -> -3.0456853 | IK18: 1.416056 | IM18: =$AM18 -> 7 | IN18: =GD18 -> 2.5125628 | IO18: =IO$6*(1+IO$5*(-1)^$FQ18)*EXP(-$FQ18/IO$4) -> 2.9759306 | IP18: =(IN18-IO18)^2 -> 0.21470972 | IQ18: =EXP($FQ18/$JG$4)*IN18 -> 12.894712 | IR18: =EXP($FQ18/$JG$4)*(-1)^$FQ18*IN18 -> -12.894712 | IS18: =(-1)^IM18*IN18 -> -2.5125628 | IT18: 2.436614 | IV18: =$AM18 -> 7 | IW18: =GH18 -> 1.2738854 | IX18: =IX$6*(1+IX$5*(-1)^$FQ18)*EXP(-$FQ18/IX$4) -> 2.3980905 | IY18: =(IW18-IX18)^2 -> 1.2638371 | IZ18: =EXP($FQ18/$JG$4)*IW18 -> 6.537701 | JA18: =EXP($FQ18/$JG$4)*(-1)^$FQ18*IW18 -> -6.537701 | JB18: =(-1)^IV18*IW18 -> -1.2738854 | JC18: 8.057124 | JE18: =$AM18 -> 7 | JF18: =GL18 -> 0.50251256 | JG18: =JG$6*(1+JG$5*(-1)^$FQ18)*EXP(-$FQ18/JG$4) -> 1.4860554 | JH18: =(JF18-JG18)^2 -> 0.96735656 | JI18: =EXP($FQ18/$JG$4)*JF18 -> 2.5789424 | JJ18: =EXP($FQ18/$JG$4)*(-1)^$FQ18*JF18 -> -2.5789424 | JK18: =(-1)^JE18*JF18 -> -0.50251256 | JL18: 8.543648 | JO18: =$AM18 -> 7 | JP18: =GM18 -> 3.0150754 | JQ18: =JQ$6*(1+JQ$5*(-1)^$FQ18)*EXP(-$FQ18/JQ$4) -> 1.5649217 | JR18: =(JP18-JQ18)^2 -> 2.1029458 | JS18: =EXP($FQ18/$JG$4)*JP18 -> 15.473654 | JT18: =EXP($FQ18/$JG$4)*(-1)^$FQ18*JP18 -> -15.473654 | JU18: =(-1)^JO18*JP18 -> -3.0150754
A19: 1 | B19: 1 | C19: =B19-A19 -> 0 | D19: 1 | E19: 1 | F19: =E19-D19 -> 0 | G19: 3 | H19: 3 | I19: =H19-G19 -> 0 | J19: 2 | K19: 2 | L19: =K19-J19 -> 0 | M19: 3 | N19: 3 | O19: =N19-M19 -> 0 | P19: 2 | Q19: 2 | R19: =Q19-P19 -> 0 | S19: 4 | T19: 7 | U19: =T19-S19 -> 3 | V19: 1 | W19: 2 | X19: =W19-V19 -> 1 | Y19: 13 | Z19: 21 | AA19: =Z19-Y19 -> 8 | AB19: 2 | AC19: 6 | AD19: =AC19-AB19 -> 4 | AE19: 4 | AF19: 10 | AG19: =AF19-AE19 -> 6 | AI19: SS | AJ19: =COUNTIFS(K$2:K$1000,2,J$2:J$1000,0) -> 0 | AM19: 8 | AN19: 0 | AO19: 0 | AP19: 0 | AQ19: 0 | AR19: 0 | AS19: 0 | AT19: 0 | AU19: 0 | AV19: 0 | AW19: 0 | AX19: 0 | AY19: 0 | AZ19: 4 | BA19: 6 | BB19: 0 | BC19: 1 | BD19: 1 | BE19: 0 | BF19: 4 | BG19: 21 | BH19: 5 | BI19: 0 | BJ19: 9 | BK19: 0 | BL19: 8 | BM19: 23 | BN19: 12 | BO19: 4 | BP19: 10 | BQ19: 1 | BR19: 14 | BS19: 16 | BT19: 17 | BW19: =$AM19 -> 8 | BX19: =MAX(BX18-AN19/AN$9*100,0) -> 0 | BY19: =MAX(BY18-AO19/AO$9*100,0) -> 0 | BZ19: =MAX(BZ18-AQ19/AQ$9*100,0) -> 0 | CA19: =MAX(CA18-AR19/AR$9*100,0) -> 0 | CB19: =CB$7*EXP(-$AM19/CB$8) -> 0.0064268154 | CC19: =(BZ19-CB19)^2 -> 4.1303956e-05 | CD19: =MAX(CD18-AT19/AT$9*100,0) -> 0 | CE19: =MAX(CE18-AU19/AU$9*100,0) -> 5.3290705e-15 | CF19: =CF$7*EXP(-$AM19/CF$8) -> 0.0083604082 | CG19: =(CD19-CF19)^2 -> 6.9896425e-05 | CH19: =$AM19 -> 8 | CI19: =MAX(CI18-AW19/AW$9*100,0) -> 0 | CJ19: =MAX(CJ18-AX19/AX$9*100,0) -> 0 | CK19: =CK$7*EXP(-$AM19/CK$8) -> 0.1909348 | CL19: =(CI19-CK19)^2 -> 0.036456097 | CM19: =MAX(CM18-AZ19/AZ$9*100,0) -> 0 | CN19: =MAX(CN18-BA19/BA$9*100,0) -> 2.0304569 | CO19: =CO$7*EXP(-$AM19/CO$8) -> 2.8411113 | CP19: =(CM19-CO19)^2 -> 8.0719135 | CQ19: =$AM19 -> 8 | CR19: =MAX(CR18-BC19/BC$9*100,0) -> 0 | CS19: =MAX(CS18-BD19/BD$9*100,0) -> 0.62893082 | CT19: =CT$7*EXP(-$AM19/CT$8) -> 0.27014943 | CU19: =(CR19-CT19)^2 -> 0.072980717 | CV19: =MAX(CV18-BF19/BF$9*100,0) -> 3.5175879 | CW19: =MAX(CW18-BG19/BG$9*100,0) -> 20.603015 | CX19: =CX$7*EXP(-$AM19/CX$8) -> 4.9431712 | CY19: =(CV19-CX19)^2 -> 2.0322877 | CZ19: =$AM19 -> 8 | DA19: =MAX(DA18-BI19/BI$9*100,0) -> 0 | DB19: =MAX(DB18-BJ19/BJ$9*100,0) -> 0.68493151 | DC19: =DC$7*EXP(-$AM19/DC$8) -> 0.46568667 | DD19: =(DA19-DC19)^2 -> 0.21686408 | DE19: =MAX(DE18-BL19/BL$9*100,0) -> 13.375796 | DF19: =MAX(DF18-BM19/BM$9*100,0) -> 40.127389 | DG19: =DG$7*EXP(-$AM19/DG$8) -> 16.307902 | DH19: =(DE19-DG19)^2 -> 8.5972424 | DI19: =$AM19 -> 8 | DJ19: =MAX(DJ18-BO19/BO$9*100,0) -> 0 | DK19: =MAX(DK18-BP19/BP$9*100,0) -> 9.2307692 | DL19: =DL$7*EXP(-$AM19/DL$8) -> 1.1081144 | DM19: =(DJ19-DL19)^2 -> 1.2279175 | DN19: =MAX(DN18-BR19/BR$9*100,0) -> 12.060302 | DO19: =MAX(DO18-BS19/BS$9*100,0) -> 52.261307 | DP19: =DP$7*EXP(-$AM19/DP$8) -> 12.650947 | DQ19: =(DN19-DP19)^2 -> 0.34886238 | DS19: =$AM19 -> 8 | DT19: =CA19 -> 0 | DU19: =DU$7*EXP(-DS19/DU$8) -> 0.042695042 | DV19: =(DT19-DU19)^2 -> 0.0018228666 | DX19: =$AM19 -> 8 | DY19: =CM19 -> 0 | DZ19: =DZ$7*EXP(-DX19/DZ$8) -> 1.76511 | EA19: =(DY19-DZ19)^2 -> 3.1156133 | EC19: =$AM19 -> 8 | ED19: =CV19 -> 3.5175879 | EE19: =EE$7*EXP(-EC19/EE$8) -> 4.3162082 | EF19: =(ED19-EE19)^2 -> 0.63779426 | EH19: =$AM19 -> 8 | EI19: =DE19 -> 13.375796 | EJ19: =EJ$7*EXP(-EH19/EJ$8) -> 16.240234 | EK19: =(EI19-EJ19)^2 -> 8.205004 | EM19: =AM19 -> 8 | EN19: =DN19 -> 12.060302 | EO19: =EO$7*EXP(-EM19/EO$8) -> 13.406115 | EP19: =(EN19-EO19)^2 -> 1.811213 | ER19: =$AM19 -> 8 | ES19: =BZ19 -> 0 | ET19: =ET$7*EXP(-ER19/ET$8) -> 0.013375597 | EU19: =(ES19-ET19)^2 -> 0.00017890659 | EW19: =$AM19 -> 8 | EX19: =CI19 -> 0 | EY19: =EY$7*EXP(-EW19/EY$8) -> 0.037255691 | EZ19: =(EX19-EY19)^2 -> 0.0013879865 | FB19: =$AM19 -> 8 | FC19: =CR19 -> 0 | FD19: =FD$7*EXP(-FB19/FD$8) -> 0.087399644 | FE19: =(FC19-FD19)^2 -> 0.0076386978 | FG19: =$AM19 -> 8 | FH19: =DA19 -> 0 | FI19: =FI$7*EXP(-FG19/FI$8) -> 0.25011772 | FJ19: =(FH19-FI19)^2 -> 0.062558876 | FL19: =EM19 -> 8 | FM19: =DJ19 -> 0 | FN19: =FN$7*EXP(-FL19/FN$8) -> 0.8207515 | FO19: =(FM19-FN19)^2 -> 0.67363302 | FQ19: =AM19 -> 8 | FR19: =AN19/AN$9*100 -> 0 | FS19: =AO19/AO$9*100 -> 0 | FT19: =AQ19/AQ$9*100 -> 0 | FU19: =AR19/AR$9*100 -> 0 | FV19: =AT19/AT$9*100 -> 0 | FW19: =AU19/AU$9*100 -> 0 | FX19: =AW19/AW$9*100 -> 0 | FY19: =AX19/AX$9*100 -> 0 | FZ19: =AZ19/AZ$9*100 -> 2.0304569 | GA19: =BA19/BA$9*100 -> 3.0456853 | GB19: =BC19/BC$9*100 -> 0.62893082 | GC19: =BD19/BD$9*100 -> 0.62893082 | GD19: =BF19/BF$9*100 -> 2.0100503 | GE19: =BG19/BG$9*100 -> 10.552764 | GF19: =BI19/BI$9*100 -> 0 | GG19: =BJ19/BJ$9*100 -> 6.1643836 | GH19: =BL19/BL$9*100 -> 5.0955414 | GI19: =BM19/BM$9*100 -> 14.649682 | GJ19: =BO19/BO$9*100 -> 2.0512821 | GK19: =BP19/BP$9*100 -> 5.1282051 | GL19: =BR19/BR$9*100 -> 7.0351759 | GM19: =BS19/BS$9*100 -> 8.040201 | GO19: =$AM19 -> 8 | GP19: =FT19 -> 0 | GQ19: =GQ$6*(1+GQ$5*(-1)^$FQ19)*EXP(-$FQ19/GQ$4) -> 0.47871563 | GR19: =(GP19-GQ19)^2 -> 0.22916865 | GS19: =EXP($FQ19/$JG$4)*GP19 -> 0 | GT19: =EXP($FQ19/$JG$4)*(-1)^$FQ19*GP19 -> 0 | GU19: =(-1)^GO19*GP19 -> 0 | GW19: =$AM19 -> 8 | GX19: =FX19 -> 0 | GY19: =GY$6*(1+GY$5*(-1)^$FQ19)*EXP(-$FQ19/GY$4) -> 0.47871563 | GZ19: =(GX19-GY19)^2 -> 0.22916865 | HA19: =EXP($FQ19/$JG$4)*GX19 -> 0 | HB19: =EXP($FQ19/$JG$4)*(-1)^$FQ19*GX19 -> 0 | HC19: =(-1)^GW19*GX19 -> 0 | HE19: =$AM19 -> 8 | HF19: =GB19 -> 0.62893082 | HG19: =HG$6*(1+HG$5*(-1)^$FQ19)*EXP(-$FQ19/HG$4) -> 0.47871563 | HH19: =(HF19-HG19)^2 -> 0.022564603 | HI19: =EXP($FQ19/$JG$4)*HF19 -> 4.0772586 | HJ19: =EXP($FQ19/$JG$4)*(-1)^$FQ19*HF19 -> 4.0772586 | HK19: =(-1)^HE19*HF19 -> 0.62893082 | HM19: =$AM19 -> 8 | HN19: =GF19 -> 0 | HO19: =HO$6*(1+HO$5*(-1)^$FQ19)*EXP(-$FQ19/HO$4) -> 1.3727627 | HP19: =(HN19-HO19)^2 -> 1.8844773 | HQ19: =EXP($FQ19/$JG$4)*HN19 -> 0 | HR19: =EXP($FQ19/$JG$4)*(-1)^$FQ19*HN19 -> 0 | HS19: =(-1)^HM19*HN19 -> 0 | HU19: =$AM19 -> 8 | HV19: =GJ19 -> 2.0512821 | HW19: =HW$6*(1+HW$5*(-1)^$FQ19)*EXP(-$FQ19/HW$4) -> 2.7184793 | HX19: =(HV19-HW19)^2 -> 0.44515219 | HY19: =EXP($FQ19/$JG$4)*HV19 -> 13.298136 | HZ19: =EXP($FQ19/$JG$4)*(-1)^$FQ19*HV19 -> 13.298136 | IA19: =(-1)^HU19*HV19 -> 2.0512821 | IB19: 0.33675 | ID19: =$AM19 -> 8 | IE19: =FZ19 -> 2.0304569 | IF19: =IF$6*(1+IF$5*(-1)^$FQ19)*EXP(-$FQ19/IF$4) -> 3.8309294 | IG19: =(IE19-IF19)^2 -> 3.2417014 | IH19: =EXP($FQ19/$JG$4)*IE19 -> 13.163129 | II19: =EXP($FQ19/$JG$4)*(-1)^$FQ19*IE19 -> 13.163129 | IJ19: =(-1)^ID19*IE19 -> 2.0304569 | IK19: 0.683774 | IM19: =$AM19 -> 8 | IN19: =GD19 -> 2.0100503 | IO19: =IO$6*(1+IO$5*(-1)^$FQ19)*EXP(-$FQ19/IO$4) -> 4.8631614 | IP19: =(IN19-IO19)^2 -> 8.1402431 | IQ19: =EXP($FQ19/$JG$4)*IN19 -> 13.030837 | IR19: =EXP($FQ19/$JG$4)*(-1)^$FQ19*IN19 -> 13.030837 | IS19: =(-1)^IM19*IN19 -> 2.0100503 | IT19: 1.33591 | IV19: =$AM19 -> 8 | IW19: =GH19 -> 5.0955414 | IX19: =IX$6*(1+IX$5*(-1)^$FQ19)*EXP(-$FQ19/IX$4) -> 7.6729198 | IY19: =(IW19-IX19)^2 -> 6.6428793 | IZ19: =EXP($FQ19/$JG$4)*IW19 -> 33.033586 | JA19: =EXP($FQ19/$JG$4)*(-1)^$FQ19*IW19 -> 33.033586 | JB19: =(-1)^IV19*IW19 -> 5.0955414 | JC19: 2.881623 | JE19: =$AM19 -> 8 | JF19: =GL19 -> 7.0351759 | JG19: =JG$6*(1+JG$5*(-1)^$FQ19)*EXP(-$FQ19/JG$4) -> 7.7022558 | JH19: =(JF19-JG19)^2 -> 0.44499565 | JI19: =EXP($FQ19/$JG$4)*JF19 -> 45.607928 | JJ19: =EXP($FQ19/$JG$4)*(-1)^$FQ19*JF19 -> 45.607928 | JK19: =(-1)^JE19*JF19 -> 7.0351759 | JL19: 1.830657 | JO19: =$AM19 -> 8 | JP19: =GM19 -> 8.040201 | JQ19: =JQ$6*(1+JQ$5*(-1)^$FQ19)*EXP(-$FQ19/JQ$4) -> 7.5841751 | JR19: =(JP19-JQ19)^2 -> 0.20795963 | JS19: =EXP($FQ19/$JG$4)*JP19 -> 52.123347 | JT19: =EXP($FQ19/$JG$4)*(-1)^$FQ19*JP19 -> 52.123347 | JU19: =(-1)^JO19*JP19 -> 8.040201
A20: 2 | B20: 2 | C20: =B20-A20 -> 0 | D20: 2 | E20: 2 | F20: =E20-D20 -> 0 | G20: 2 | H20: 2 | I20: =H20-G20 -> 0 | J20: 2 | K20: 2 | L20: =K20-J20 -> 0 | M20: 2 | N20: 2 | O20: =N20-M20 -> 0 | P20: 1 | Q20: 2 | R20: =Q20-P20 -> 1 | S20: 3 | T20: 3 | U20: =T20-S20 -> 0 | V20: 1 | W20: 1 | X20: =W20-V20 -> 0 | Y20: 16 | Z20: 20 | AA20: =Z20-Y20 -> 4 | AB20: 1 | AC20: 3 | AD20: =AC20-AB20 -> 2 | AE20: 8 | AF20: 14 | AG20: =AF20-AE20 -> 6 | AM20: 9 | AN20: 0 | AO20: 0 | AP20: 0 | AQ20: 0 | AR20: 0 | AS20: 0 | AT20: 0 | AU20: 0 | AV20: 0 | AW20: 0 | AX20: 0 | AY20: 0 | AZ20: 0 | BA20: 1 | BB20: 0 | BC20: 0 | BD20: 0 | BE20: 0 | BF20: 2 | BG20: 8 | BH20: 1 | BI20: 0 | BJ20: 0 | BK20: 0 | BL20: 2 | BM20: 7 | BN20: 1 | BO20: 0 | BP20: 6 | BQ20: 0 | BR20: 1 | BS20: 5 | BT20: 5 | BW20: =$AM20 -> 9 | BX20: =MAX(BX19-AN20/AN$9*100,0) -> 0 | BY20: =MAX(BY19-AO20/AO$9*100,0) -> 0 | BZ20: =MAX(BZ19-AQ20/AQ$9*100,0) -> 0 | CA20: =MAX(CA19-AR20/AR$9*100,0) -> 0 | CB20: =CB$7*EXP(-$AM20/CB$8) -> 0.0017537877 | CC20: =(BZ20-CB20)^2 -> 3.0757713e-06 | CD20: =MAX(CD19-AT20/AT$9*100,0) -> 0 | CE20: =MAX(CE19-AU20/AU$9*100,0) -> 5.3290705e-15 | CF20: =CF$7*EXP(-$AM20/CF$8) -> 0.002357695 | CG20: =(CD20-CF20)^2 -> 5.5587259e-06 | CH20: =$AM20 -> 9 | CI20: =MAX(CI19-AW20/AW$9*100,0) -> 0 | CJ20: =MAX(CJ19-AX20/AX$9*100,0) -> 0 | CK20: =CK$7*EXP(-$AM20/CK$8) -> 0.081225654 | CL20: =(CI20-CK20)^2 -> 0.0065976069 | CM20: =MAX(CM19-AZ20/AZ$9*100,0) -> 0 | CN20: =MAX(CN19-BA20/BA$9*100,0) -> 1.5228426 | CO20: =CO$7*EXP(-$AM20/CO$8) -> 1.7566807 | CP20: =(CM20-CO20)^2 -> 3.085927 | CQ20: =$AM20 -> 9 | CR20: =MAX(CR19-BC20/BC$9*100,0) -> 0 | CS20: =MAX(CS19-BD20/BD$9*100,0) -> 0.62893082 | CT20: =CT$7*EXP(-$AM20/CT$8) -> 0.12292491 | CU20: =(CR20-CT20)^2 -> 0.015110534 | CV20: =MAX(CV19-BF20/BF$9*100,0) -> 2.5125628 | CW20: =MAX(CW19-BG20/BG$9*100,0) -> 16.582915 | CX20: =CX$7*EXP(-$AM20/CX$8) -> 3.2699802 | CY20: =(CV20-CX20)^2 -> 0.57368112 | CZ20: =$AM20 -> 9 | DA20: =MAX(DA19-BI20/BI$9*100,0) -> 0 | DB20: =MAX(DB19-BJ20/BJ$9*100,0) -> 0.68493151 | DC20: =DC$7*EXP(-$AM20/DC$8) -> 0.22443498 | DD20: =(DA20-DC20)^2 -> 0.050371059 | DE20: =MAX(DE19-BL20/BL$9*100,0) -> 12.101911 | DF20: =MAX(DF19-BM20/BM$9*100,0) -> 35.66879 | DG20: =DG$7*EXP(-$AM20/DG$8) -> 12.700607 | DH20: =(DE20-DG20)^2 -> 0.35843658 | DI20: =$AM20 -> 9 | DJ20: =MAX(DJ19-BO20/BO$9*100,0) -> 0 | DK20: =MAX(DK19-BP20/BP$9*100,0) -> 6.1538462 | DL20: =DL$7*EXP(-$AM20/DL$8) -> 0.59999312 | DM20: =(DJ20-DL20)^2 -> 0.35999174 | DN20: =MAX(DN19-BR20/BR$9*100,0) -> 11.557789 | DO20: =MAX(DO19-BS20/BS$9*100,0) -> 49.748744 | DP20: =DP$7*EXP(-$AM20/DP$8) -> 9.530012 | DQ20: =(DN20-DP20)^2 -> 4.1118795 | DS20: =$AM20 -> 9 | DT20: =CA20 -> 0 | DU20: =DU$7*EXP(-DS20/DU$8) -> 0.015228291 | DV20: =(DT20-DU20)^2 -> 0.00023190085 | DX20: =$AM20 -> 9 | DY20: =CM20 -> 0 | DZ20: =DZ$7*EXP(-DX20/DZ$8) -> 1.0064359 | EA20: =(DY20-DZ20)^2 -> 1.0129132 | EC20: =$AM20 -> 9 | ED20: =CV20 -> 2.5125628 | EE20: =EE$7*EXP(-EC20/EE$8) -> 2.7890361 | EF20: =(ED20-EE20)^2 -> 0.076437479 | EH20: =$AM20 -> 9 | EI20: =DE20 -> 12.101911 | EJ20: =EJ$7*EXP(-EH20/EJ$8) -> 12.647907 | EK20: =(EI20-EJ20)^2 -> 0.29811176 | EM20: =AM20 -> 9 | EN20: =DN20 -> 11.557789 | EO20: =EO$7*EXP(-EM20/EO$8) -> 10.193378 | EP20: =(EN20-EO20)^2 -> 1.8616165 | ER20: =$AM20 -> 9 | ES20: =BZ20 -> 0 | ET20: =ET$7*EXP(-ER20/ET$8) -> 0.0040672037 | EU20: =(ES20-ET20)^2 -> 1.6542146e-05 | EW20: =$AM20 -> 9 | EX20: =CI20 -> 0 | EY20: =EY$7*EXP(-EW20/EY$8) -> 0.012414977 | EZ20: =(EX20-EY20)^2 -> 0.00015413166 | FB20: =$AM20 -> 9 | FC20: =CR20 -> 0 | FD20: =FD$7*EXP(-FB20/FD$8) -> 0.033720645 | FE20: =(FC20-FD20)^2 -> 0.0011370819 | FG20: =$AM20 -> 9 | FH20: =DA20 -> 0 | FI20: =FI$7*EXP(-FG20/FI$8) -> 0.10945193 | FJ20: =(FH20-FI20)^2 -> 0.011979724 | FL20: =EM20 -> 9 | FM20: =DJ20 -> 0 | FN20: =FN$7*EXP(-FL20/FN$8) -> 0.42138787 | FO20: =(FM20-FN20)^2 -> 0.17756774 | FQ20: =AM20 -> 9 | FR20: =AN20/AN$9*100 -> 0 | FS20: =AO20/AO$9*100 -> 0 | FT20: =AQ20/AQ$9*100 -> 0 | FU20: =AR20/AR$9*100 -> 0 | FV20: =AT20/AT$9*100 -> 0 | FW20: =AU20/AU$9*100 -> 0 | FX20: =AW20/AW$9*100 -> 0 | FY20: =AX20/AX$9*100 -> 0 | FZ20: =AZ20/AZ$9*100 -> 0 | GA20: =BA20/BA$9*100 -> 0.50761421 | GB20: =BC20/BC$9*100 -> 0 | GC20: =BD20/BD$9*100 -> 0 | GD20: =BF20/BF$9*100 -> 1.0050251 | GE20: =BG20/BG$9*100 -> 4.0201005 | GF20: =BI20/BI$9*100 -> 0 | GG20: =BJ20/BJ$9*100 -> 0 | GH20: =BL20/BL$9*100 -> 1.2738854 | GI20: =BM20/BM$9*100 -> 4.4585987 | GJ20: =BO20/BO$9*100 -> 0 | GK20: =BP20/BP$9*100 -> 3.0769231 | GL20: =BR20/BR$9*100 -> 0.50251256 | GM20: =BS20/BS$9*100 -> 2.5125628 | GO20: =$AM20 -> 9 | GP20: =FT20 -> 0 | GQ20: =GQ$6*(1+GQ$5*(-1)^$FQ20)*EXP(-$FQ20/GQ$4) -> 0.076815797 | GR20: =(GP20-GQ20)^2 -> 0.0059006667 | GS20: =EXP($FQ20/$JG$4)*GP20 -> 0 | GT20: =EXP($FQ20/$JG$4)*(-1)^$FQ20*GP20 -> 0 | GU20: =(-1)^GO20*GP20 -> 0 | GW20: =$AM20 -> 9 | GX20: =FX20 -> 0 | GY20: =GY$6*(1+GY$5*(-1)^$FQ20)*EXP(-$FQ20/GY$4) -> 0.076815797 | GZ20: =(GX20-GY20)^2 -> 0.0059006667 | HA20: =EXP($FQ20/$JG$4)*GX20 -> 0 | HB20: =EXP($FQ20/$JG$4)*(-1)^$FQ20*GX20 -> 0 | HC20: =(-1)^GW20*GX20 -> 0 | HE20: =$AM20 -> 9 | HF20: =GB20 -> 0 | HG20: =HG$6*(1+HG$5*(-1)^$FQ20)*EXP(-$FQ20/HG$4) -> 0.076815797 | HH20: =(HF20-HG20)^2 -> 0.0059006667 | HI20: =EXP($FQ20/$JG$4)*HF20 -> 0 | HJ20: =EXP($FQ20/$JG$4)*(-1)^$FQ20*HF20 -> 0 | HK20: =(-1)^HE20*HF20 -> 0 | HM20: =$AM20 -> 9 | HN20: =GF20 -> 0 | HO20: =HO$6*(1+HO$5*(-1)^$FQ20)*EXP(-$FQ20/HO$4) -> 0.16557606 | HP20: =(HN20-HO20)^2 -> 0.027415431 | HQ20: =EXP($FQ20/$JG$4)*HN20 -> 0 | HR20: =EXP($FQ20/$JG$4)*(-1)^$FQ20*HN20 -> 0 | HS20: =(-1)^HM20*HN20 -> 0 | HU20: =$AM20 -> 9 | HV20: =GJ20 -> 0 | HW20: =HW$6*(1+HW$5*(-1)^$FQ20)*EXP(-$FQ20/HW$4) -> 0.5821556 | HX20: =(HV20-HW20)^2 -> 0.33890514 | HY20: =EXP($FQ20/$JG$4)*HV20 -> 0 | HZ20: =EXP($FQ20/$JG$4)*(-1)^$FQ20*HV20 -> 0 | IA20: =(-1)^HU20*HV20 -> 0 | IB20: 0.158012 | ID20: =$AM20 -> 9 | IE20: =FZ20 -> 0 | IF20: =IF$6*(1+IF$5*(-1)^$FQ20)*EXP(-$FQ20/IF$4) -> 1.4140811 | IG20: =(IE20-IF20)^2 -> 1.9996252 | IH20: =EXP($FQ20/$JG$4)*IE20 -> 0 | II20: =EXP($FQ20/$JG$4)*(-1)^$FQ20*IE20 -> 0 | IJ20: =(-1)^ID20*IE20 -> 0 | IK20: 0.356926 | IM20: =$AM20 -> 9 | IN20: =GD20 -> 1.0050251 | IO20: =IO$6*(1+IO$5*(-1)^$FQ20)*EXP(-$FQ20/IO$4) -> 1.6805619 | IP20: =(IN20-IO20)^2 -> 0.45635 | IQ20: =EXP($FQ20/$JG$4)*IN20 -> 8.2302491 | IR20: =EXP($FQ20/$JG$4)*(-1)^$FQ20*IN20 -> -8.2302491 | IS20: =(-1)^IM20*IN20 -> -1.0050251 | IT20: 0.801454 | IV20: =$AM20 -> 9 | IW20: =GH20 -> 1.2738854 | IX20: =IX$6*(1+IX$5*(-1)^$FQ20)*EXP(-$FQ20/IX$4) -> 1.6324099 | IY20: =(IW20-IX20)^2 -> 0.12853985 | IZ20: =EXP($FQ20/$JG$4)*IW20 -> 10.431972 | JA20: =EXP($FQ20/$JG$4)*(-1)^$FQ20*IW20 -> -10.431972 | JB20: =(-1)^IV20*IW20 -> -1.2738854 | JC20: 4.522585 | JE20: =$AM20 -> 9 | JF20: =GL20 -> 0.50251256 | JG20: =JG$6*(1+JG$5*(-1)^$FQ20)*EXP(-$FQ20/JG$4) -> 0.9313087 | JH20: =(JF20-JG20)^2 -> 0.18386613 | JI20: =EXP($FQ20/$JG$4)*JF20 -> 4.1151245 | JJ20: =EXP($FQ20/$JG$4)*(-1)^$FQ20*JF20 -> -4.1151245 | JK20: =(-1)^JE20*JF20 -> -0.50251256 | JL20: 4.522543 | JO20: =$AM20 -> 9 | JP20: =GM20 -> 2.5125628 | JQ20: =JQ$6*(1+JQ$5*(-1)^$FQ20)*EXP(-$FQ20/JQ$4) -> 1.3335383 | JR20: =(JP20-JQ20)^2 -> 1.3900988 | JS20: =EXP($FQ20/$JG$4)*JP20 -> 20.575623 | JT20: =EXP($FQ20/$JG$4)*(-1)^$FQ20*JP20 -> -20.575623 | JU20: =(-1)^JO20*JP20 -> -2.5125628
A21: 2 | B21: 2 | C21: =B21-A21 -> 0 | D21: 2 | E21: 2 | F21: =E21-D21 -> 0 | G21: 1 | H21: 1 | I21: =H21-G21 -> 0 | J21: 1 | K21: 1 | L21: =K21-J21 -> 0 | M21: 8 | N21: 8 | O21: =N21-M21 -> 0 | P21: 1 | Q21: 1 | R21: =Q21-P21 -> 0 | S21: 1 | T21: 1 | U21: =T21-S21 -> 0 | V21: 1 | W21: 3 | X21: =W21-V21 -> 2 | Y21: 16 | Z21: 20 | AA21: =Z21-Y21 -> 4 | AB21: 1 | AC21: 1 | AD21: =AC21-AB21 -> 0 | AE21: 14 | AF21: 23 | AG21: =AF21-AE21 -> 9 | AI21: EXP D4 | AM21: 10 | AN21: 0 | AO21: 0 | AP21: 0 | AQ21: 0 | AR21: 0 | AS21: 0 | AT21: 0 | AU21: 0 | AV21: 0 | AW21: 0 | AX21: 0 | AY21: 0 | AZ21: 0 | BA21: 2 | BB21: 0 | BC21: 0 | BD21: 0 | BE21: 0 | BF21: 3 | BG21: 15 | BH21: 1 | BI21: 0 | BJ21: 1 | BK21: 0 | BL21: 3 | BM21: 16 | BN21: 6 | BO21: 0 | BP21: 6 | BQ21: 1 | BR21: 10 | BS21: 28 | BT21: 10 | BW21: =$AM21 -> 10 | BX21: =MAX(BX20-AN21/AN$9*100,0) -> 0 | BY21: =MAX(BY20-AO21/AO$9*100,0) -> 0 | BZ21: =MAX(BZ20-AQ21/AQ$9*100,0) -> 0 | CA21: =MAX(CA20-AR21/AR$9*100,0) -> 0 | CB21: =CB$7*EXP(-$AM21/CB$8) -> 0.00047858404 | CC21: =(BZ21-CB21)^2 -> 2.2904268e-07 | CD21: =MAX(CD20-AT21/AT$9*100,0) -> 0 | CE21: =MAX(CE20-AU21/AU$9*100,0) -> 5.3290705e-15 | CF21: =CF$7*EXP(-$AM21/CF$8) -> 0.00066488691 | CG21: =(CD21-CF21)^2 -> 4.420746e-07 | CH21: =$AM21 -> 10 | CI21: =MAX(CI20-AW21/AW$9*100,0) -> 0 | CJ21: =MAX(CJ20-AX21/AX$9*100,0) -> 0 | CK21: =CK$7*EXP(-$AM21/CK$8) -> 0.034554241 | CL21: =(CI21-CK21)^2 -> 0.0011939955 | CM21: =MAX(CM20-AZ21/AZ$9*100,0) -> 0 | CN21: =MAX(CN20-BA21/BA$9*100,0) -> 0.50761421 | CO21: =CO$7*EXP(-$AM21/CO$8) -> 1.086169 | CP21: =(CM21-CO21)^2 -> 1.1797631 | CQ21: =$AM21 -> 10 | CR21: =MAX(CR20-BC21/BC$9*100,0) -> 0 | CS21: =MAX(CS20-BD21/BD$9*100,0) -> 0.62893082 | CT21: =CT$7*EXP(-$AM21/CT$8) -> 0.055933983 | CU21: =(CR21-CT21)^2 -> 0.0031286104 | CV21: =MAX(CV20-BF21/BF$9*100,0) -> 1.0050251 | CW21: =MAX(CW20-BG21/BG$9*100,0) -> 9.0452261 | CX21: =CX$7*EXP(-$AM21/CX$8) -> 2.1631398 | CY21: =(CV21-CX21)^2 -> 1.3412297 | CZ21: =$AM21 -> 10 | DA21: =MAX(DA20-BI21/BI$9*100,0) -> 0 | DB21: =MAX(DB20-BJ21/BJ$9*100,0) -> 9.8809849e-15 | DC21: =DC$7*EXP(-$AM21/DC$8) -> 0.10816513 | DD21: =(DA21-DC21)^2 -> 0.011699695 | DE21: =MAX(DE20-BL21/BL$9*100,0) -> 10.191083 | DF21: =MAX(DF20-BM21/BM$9*100,0) -> 25.477707 | DG21: =DG$7*EXP(-$AM21/DG$8) -> 9.8912423 | DH21: =(DE21-DG21)^2 -> 0.089904306 | DI21: =$AM21 -> 10 | DJ21: =MAX(DJ20-BO21/BO$9*100,0) -> 0 | DK21: =MAX(DK20-BP21/BP$9*100,0) -> 3.0769231 | DL21: =DL$7*EXP(-$AM21/DL$8) -> 0.32486875 | DM21: =(DJ21-DL21)^2 -> 0.1055397 | DN21: =MAX(DN20-BR21/BR$9*100,0) -> 6.5326633 | DO21: =MAX(DO20-BS21/BS$9*100,0) -> 35.678392 | DP21: =DP$7*EXP(-$AM21/DP$8) -> 7.1789983 | DQ21: =(DN21-DP21)^2 -> 0.41774886 | DS21: =$AM21 -> 10 | DT21: =CA21 -> 0 | DU21: =DU$7*EXP(-DS21/DU$8) -> 0.005431564 | DV21: =(DT21-DU21)^2 -> 2.9501888e-05 | DX21: =$AM21 -> 10 | DY21: =CM21 -> 0 | DZ21: =DZ$7*EXP(-DX21/DZ$8) -> 0.57385272 | EA21: =(DY21-DZ21)^2 -> 0.32930695 | EC21: =$AM21 -> 10 | ED21: =CV21 -> 1.0050251 | EE21: =EE$7*EXP(-EC21/EE$8) -> 1.8022121 | EF21: =(ED21-EE21)^2 -> 0.635507 | EH21: =$AM21 -> 10 | EI21: =DE21 -> 10.191083 | EJ21: =EJ$7*EXP(-EH21/EJ$8) -> 9.8501998 | EK21: =(EI21-EJ21)^2 -> 0.1162012 | EM21: =AM21 -> 10 | EN21: =DN21 -> 6.5326633 | EO21: =EO$7*EXP(-EM21/EO$8) -> 7.7505648 | EP21: =(EN21-EO21)^2 -> 1.483284 | ER21: =$AM21 -> 10 | ES21: =BZ21 -> 0 | ET21: =ET$7*EXP(-ER21/ET$8) -> 0.0012367408 | EU21: =(ES21-ET21)^2 -> 1.5295278e-06 | EW21: =$AM21 -> 10 | EX21: =CI21 -> 0 | EY21: =EY$7*EXP(-EW21/EY$8) -> 0.0041371308 | EZ21: =(EX21-EY21)^2 -> 1.7115851e-05 | FB21: =$AM21 -> 10 | FC21: =CR21 -> 0 | FD21: =FD$7*EXP(-FB21/FD$8) -> 0.013010143 | FE21: =(FC21-FD21)^2 -> 0.00016926383 | FG21: =$AM21 -> 10 | FH21: =DA21 -> 0 | FI21: =FI$7*EXP(-FG21/FI$8) -> 0.047896342 | FJ21: =(FH21-FI21)^2 -> 0.0022940596 | FL21: =EM21 -> 10 | FM21: =DJ21 -> 0 | FN21: =FN$7*EXP(-FL21/FN$8) -> 0.21634775 | FO21: =(FM21-FN21)^2 -> 0.046806347 | FQ21: =AM21 -> 10 | FR21: =AN21/AN$9*100 -> 0 | FS21: =AO21/AO$9*100 -> 0 | FT21: =AQ21/AQ$9*100 -> 0 | FU21: =AR21/AR$9*100 -> 0 | FV21: =AT21/AT$9*100 -> 0 | FW21: =AU21/AU$9*100 -> 0 | FX21: =AW21/AW$9*100 -> 0 | FY21: =AX21/AX$9*100 -> 0 | FZ21: =AZ21/AZ$9*100 -> 0 | GA21: =BA21/BA$9*100 -> 1.0152284 | GB21: =BC21/BC$9*100 -> 0 | GC21: =BD21/BD$9*100 -> 0 | GD21: =BF21/BF$9*100 -> 1.5075377 | GE21: =BG21/BG$9*100 -> 7.5376884 | GF21: =BI21/BI$9*100 -> 0 | GG21: =BJ21/BJ$9*100 -> 0.68493151 | GH21: =BL21/BL$9*100 -> 1.910828 | GI21: =BM21/BM$9*100 -> 10.191083 | GJ21: =BO21/BO$9*100 -> 0 | GK21: =BP21/BP$9*100 -> 3.0769231 | GL21: =BR21/BR$9*100 -> 5.0251256 | GM21: =BS21/BS$9*100 -> 14.070352 | GO21: =$AM21 -> 10 | GP21: =FT21 -> 0 | GQ21: =GQ$6*(1+GQ$5*(-1)^$FQ21)*EXP(-$FQ21/GQ$4) -> 0.10520967 | GR21: =(GP21-GQ21)^2 -> 0.011069075 | GS21: =EXP($FQ21/$JG$4)*GP21 -> 0 | GT21: =EXP($FQ21/$JG$4)*(-1)^$FQ21*GP21 -> 0 | GU21: =(-1)^GO21*GP21 -> 0 | GW21: =$AM21 -> 10 | GX21: =FX21 -> 0 | GY21: =GY$6*(1+GY$5*(-1)^$FQ21)*EXP(-$FQ21/GY$4) -> 0.10520967 | GZ21: =(GX21-GY21)^2 -> 0.011069075 | HA21: =EXP($FQ21/$JG$4)*GX21 -> 0 | HB21: =EXP($FQ21/$JG$4)*(-1)^$FQ21*GX21 -> 0 | HC21: =(-1)^GW21*GX21 -> 0 | HE21: =$AM21 -> 10 | HF21: =GB21 -> 0 | HG21: =HG$6*(1+HG$5*(-1)^$FQ21)*EXP(-$FQ21/HG$4) -> 0.10520967 | HH21: =(HF21-HG21)^2 -> 0.011069075 | HI21: =EXP($FQ21/$JG$4)*HF21 -> 0 | HJ21: =EXP($FQ21/$JG$4)*(-1)^$FQ21*HF21 -> 0 | HK21: =(-1)^HE21*HF21 -> 0 | HM21: =$AM21 -> 10 | HN21: =GF21 -> 0 | HO21: =HO$6*(1+HO$5*(-1)^$FQ21)*EXP(-$FQ21/HO$4) -> 0.4144597 | HP21: =(HN21-HO21)^2 -> 0.17177684 | HQ21: =EXP($FQ21/$JG$4)*HN21 -> 0 | HR21: =EXP($FQ21/$JG$4)*(-1)^$FQ21*HN21 -> 0 | HS21: =(-1)^HM21*HN21 -> 0 | HU21: =$AM21 -> 10 | HV21: =GJ21 -> 0 | HW21: =HW$6*(1+HW$5*(-1)^$FQ21)*EXP(-$FQ21/HW$4) -> 1.1220046 | HX21: =(HV21-HW21)^2 -> 1.2588943 | HY21: =EXP($FQ21/$JG$4)*HV21 -> 0 | HZ21: =EXP($FQ21/$JG$4)*(-1)^$FQ21*HV21 -> 0 | IA21: =(-1)^HU21*HV21 -> 0 | IB21: 0.067461 | ID21: =$AM21 -> 10 | IE21: =FZ21 -> 0 | IF21: =IF$6*(1+IF$5*(-1)^$FQ21)*EXP(-$FQ21/IF$4) -> 1.9668647 | IG21: =(IE21-IF21)^2 -> 3.8685569 | IH21: =EXP($FQ21/$JG$4)*IE21 -> 0 | II21: =EXP($FQ21/$JG$4)*(-1)^$FQ21*IE21 -> 0 | IJ21: =(-1)^ID21*IE21 -> 0 | IK21: 0.172214 | IM21: =$AM21 -> 10 | IN21: =GD21 -> 1.5075377 | IO21: =IO$6*(1+IO$5*(-1)^$FQ21)*EXP(-$FQ21/IO$4) -> 2.7463154 | IP21: =(IN21-IO21)^2 -> 1.5345701 | IQ21: =EXP($FQ21/$JG$4)*IN21 -> 15.594624 | IR21: =EXP($FQ21/$JG$4)*(-1)^$FQ21*IN21 -> 15.594624 | IS21: =(-1)^IM21*IN21 -> 1.5075377 | IT21: 0.440926 | IV21: =$AM21 -> 10 | IW21: =GH21 -> 1.910828 | IX21: =IX$6*(1+IX$5*(-1)^$FQ21)*EXP(-$FQ21/IX$4) -> 5.2230516 | IY21: =(IW21-IX21)^2 -> 10.970825 | IZ21: =EXP($FQ21/$JG$4)*IW21 -> 19.766434 | JA21: =EXP($FQ21/$JG$4)*(-1)^$FQ21*IW21 -> 19.766434 | JB21: =(-1)^IV21*IW21 -> 1.910828 | JC21: 1.76712 | JE21: =$AM21 -> 10 | JF21: =GL21 -> 5.0251256 | JG21: =JG$6*(1+JG$5*(-1)^$FQ21)*EXP(-$FQ21/JG$4) -> 4.8269921 | JH21: =(JF21-JG21)^2 -> 0.039256875 | JI21: =EXP($FQ21/$JG$4)*JF21 -> 51.98208 | JJ21: =EXP($FQ21/$JG$4)*(-1)^$FQ21*JF21 -> 51.98208 | JK21: =(-1)^JE21*JF21 -> 5.0251256 | JL21: 1.118929 | JO21: =$AM21 -> 10 | JP21: =GM21 -> 14.070352 | JQ21: =JQ$6*(1+JQ$5*(-1)^$FQ21)*EXP(-$FQ21/JQ$4) -> 6.4628077 | JR21: =(JP21-JQ21)^2 -> 57.874727 | JS21: =EXP($FQ21/$JG$4)*JP21 -> 145.54983 | JT21: =EXP($FQ21/$JG$4)*(-1)^$FQ21*JP21 -> 145.54983 | JU21: =(-1)^JO21*JP21 -> 14.070352
A22: 2 | B22: 2 | C22: =B22-A22 -> 0 | D22: 1 | E22: 1 | F22: =E22-D22 -> 0 | G22: 1 | H22: 1 | I22: =H22-G22 -> 0 | J22: 2 | K22: 2 | L22: =K22-J22 -> 0 | M22: 3 | N22: 3 | O22: =N22-M22 -> 0 | P22: 2 | Q22: 2 | R22: =Q22-P22 -> 0 | S22: 7 | T22: 10 | U22: =T22-S22 -> 3 | V22: 4 | W22: 6 | X22: =W22-V22 -> 2 | Y22: 4 | Z22: 6 | AA22: =Z22-Y22 -> 2 | AB22: 4 | AC22: 7 | AD22: =AC22-AB22 -> 3 | AE22: 8 | AF22: 13 | AG22: =AF22-AE22 -> 5 | AI22: BB | AJ22: =COUNTIFS(N$2:N$1000,2,M$2:M$1000,2) -> 35 | AM22: 11 | AN22: 0 | AO22: 0 | AP22: 0 | AQ22: 0 | AR22: 0 | AS22: 0 | AT22: 0 | AU22: 0 | AV22: 0 | AW22: 0 | AX22: 0 | AY22: 0 | AZ22: 0 | BA22: 1 | BB22: 0 | BC22: 0 | BD22: 0 | BE22: 0 | BF22: 1 | BG22: 2 | BH22: 0 | BI22: 0 | BJ22: 0 | BK22: 0 | BL22: 0 | BM22: 1 | BN22: 0 | BO22: 0 | BP22: 2 | BQ22: 0 | BR22: 0 | BS22: 2 | BT22: 0 | BW22: =$AM22 -> 11 | BX22: =MAX(BX21-AN22/AN$9*100,0) -> 0 | BY22: =MAX(BY21-AO22/AO$9*100,0) -> 0 | BZ22: =MAX(BZ21-AQ22/AQ$9*100,0) -> 0 | CA22: =MAX(CA21-AR22/AR$9*100,0) -> 0 | CB22: =CB$7*EXP(-$AM22/CB$8) -> 0.00013059886 | CC22: =(BZ22-CB22)^2 -> 1.7056063e-08 | CD22: =MAX(CD21-AT22/AT$9*100,0) -> 0 | CE22: =MAX(CE21-AU22/AU$9*100,0) -> 5.3290705e-15 | CF22: =CF$7*EXP(-$AM22/CF$8) -> 0.00018750287 | CG22: =(CD22-CF22)^2 -> 3.5157328e-08 | CH22: =$AM22 -> 11 | CI22: =MAX(CI21-AW22/AW$9*100,0) -> 0 | CJ22: =MAX(CJ21-AX22/AX$9*100,0) -> 0 | CK22: =CK$7*EXP(-$AM22/CK$8) -> 0.014699734 | CL22: =(CI22-CK22)^2 -> 0.00021608219 | CM22: =MAX(CM21-AZ22/AZ$9*100,0) -> 0 | CN22: =MAX(CN21-BA22/BA$9*100,0) -> 5.3290705e-15 | CO22: =CO$7*EXP(-$AM22/CO$8) -> 0.67158653 | CP22: =(CM22-CO22)^2 -> 0.45102847 | CQ22: =$AM22 -> 11 | CR22: =MAX(CR21-BC22/BC$9*100,0) -> 0 | CS22: =MAX(CS21-BD22/BD$9*100,0) -> 0.62893082 | CT22: =CT$7*EXP(-$AM22/CT$8) -> 0.025451395 | CU22: =(CR22-CT22)^2 -> 0.00064777349 | CV22: =MAX(CV21-BF22/BF$9*100,0) -> 0.50251256 | CW22: =MAX(CW21-BG22/BG$9*100,0) -> 8.040201 | CX22: =CX$7*EXP(-$AM22/CX$8) -> 1.4309487 | CY22: =(CV22-CX22)^2 -> 0.86199367 | CZ22: =$AM22 -> 11 | DA22: =MAX(DA21-BI22/BI$9*100,0) -> 0 | DB22: =MAX(DB21-BJ22/BJ$9*100,0) -> 9.8809849e-15 | DC22: =DC$7*EXP(-$AM22/DC$8) -> 0.052129552 | DD22: =(DA22-DC22)^2 -> 0.0027174902 | DE22: =MAX(DE21-BL22/BL$9*100,0) -> 10.191083 | DF22: =MAX(DF21-BM22/BM$9*100,0) -> 24.840764 | DG22: =DG$7*EXP(-$AM22/DG$8) -> 7.7033073 | DH22: =(DE22-DG22)^2 -> 6.1890271 | DI22: =$AM22 -> 11 | DJ22: =MAX(DJ21-BO22/BO$9*100,0) -> 0 | DK22: =MAX(DK21-BP22/BP$9*100,0) -> 2.0512821 | DL22: =DL$7*EXP(-$AM22/DL$8) -> 0.17590152 | DM22: =(DJ22-DL22)^2 -> 0.030941346 | DN22: =MAX(DN21-BR22/BR$9*100,0) -> 6.5326633 | DO22: =MAX(DO21-BS22/BS$9*100,0) -> 34.673367 | DP22: =DP$7*EXP(-$AM22/DP$8) -> 5.4079697 | DQ22: =(DN22-DP22)^2 -> 1.2649357 | DS22: =$AM22 -> 11 | DT22: =CA22 -> 0 | DU22: =DU$7*EXP(-DS22/DU$8) -> 0.0019373078 | DV22: =(DT22-DU22)^2 -> 3.7531616e-06 | DX22: =$AM22 -> 11 | DY22: =CM22 -> 0 | DZ22: =DZ$7*EXP(-DX22/DZ$8) -> 0.32720112 | EA22: =(DY22-DZ22)^2 -> 0.10706057 | EC22: =$AM22 -> 11 | ED22: =CV22 -> 0.50251256 | EE22: =EE$7*EXP(-EC22/EE$8) -> 1.1645487 | EF22: =(ED22-EE22)^2 -> 0.43829181 | EH22: =$AM22 -> 11 | EI22: =DE22 -> 10.191083 | EJ22: =EJ$7*EXP(-EH22/EJ$8) -> 7.6713433 | EK22: =(EI22-EJ22)^2 -> 6.3490869 | EM22: =AM22 -> 11 | EN22: =DN22 -> 6.5326633 | EO22: =EO$7*EXP(-EM22/EO$8) -> 5.8931645 | EP22: =(EN22-EO22)^2 -> 0.40895879 | ER22: =$AM22 -> 11 | ES22: =BZ22 -> 0 | ET22: =ET$7*EXP(-ER22/ET$8) -> 0.00037606373 | EU22: =(ES22-ET22)^2 -> 1.4142393e-07 | EW22: =$AM22 -> 11 | EX22: =CI22 -> 0 | EY22: =EY$7*EXP(-EW22/EY$8) -> 0.0013786454 | EZ22: =(EX22-EY22)^2 -> 1.9006631e-06 | FB22: =$AM22 -> 11 | FC22: =CR22 -> 0 | FD22: =FD$7*EXP(-FB22/FD$8) -> 0.0050195905 | FE22: =(FC22-FD22)^2 -> 2.5196289e-05 | FG22: =$AM22 -> 11 | FH22: =DA22 -> 0 | FI22: =FI$7*EXP(-FG22/FI$8) -> 0.020959518 | FJ22: =(FH22-FI22)^2 -> 0.00043930139 | FL22: =EM22 -> 11 | FM22: =DJ22 -> 0 | FN22: =FN$7*EXP(-FL22/FN$8) -> 0.11107664 | FO22: =(FM22-FN22)^2 -> 0.012338019 | FQ22: =AM22 -> 11 | FR22: =AN22/AN$9*100 -> 0 | FS22: =AO22/AO$9*100 -> 0 | FT22: =AQ22/AQ$9*100 -> 0 | FU22: =AR22/AR$9*100 -> 0 | FV22: =AT22/AT$9*100 -> 0 | FW22: =AU22/AU$9*100 -> 0 | FX22: =AW22/AW$9*100 -> 0 | FY22: =AX22/AX$9*100 -> 0 | FZ22: =AZ22/AZ$9*100 -> 0 | GA22: =BA22/BA$9*100 -> 0.50761421 | GB22: =BC22/BC$9*100 -> 0 | GC22: =BD22/BD$9*100 -> 0 | GD22: =BF22/BF$9*100 -> 0.50251256 | GE22: =BG22/BG$9*100 -> 1.0050251 | GF22: =BI22/BI$9*100 -> 0 | GG22: =BJ22/BJ$9*100 -> 0 | GH22: =BL22/BL$9*100 -> 0 | GI22: =BM22/BM$9*100 -> 0.63694268 | GJ22: =BO22/BO$9*100 -> 0 | GK22: =BP22/BP$9*100 -> 1.025641 | GL22: =BR22/BR$9*100 -> 0 | GM22: =BS22/BS$9*100 -> 1.0050251 | GO22: =$AM22 -> 11 | GP22: =FT22 -> 0 | GQ22: =GQ$6*(1+GQ$5*(-1)^$FQ22)*EXP(-$FQ22/GQ$4) -> 0.016882183 | GR22: =(GP22-GQ22)^2 -> 0.0002850081 | GS22: =EXP($FQ22/$JG$4)*GP22 -> 0 | GT22: =EXP($FQ22/$JG$4)*(-1)^$FQ22*GP22 -> 0 | GU22: =(-1)^GO22*GP22 -> 0 | GW22: =$AM22 -> 11 | GX22: =FX22 -> 0 | GY22: =GY$6*(1+GY$5*(-1)^$FQ22)*EXP(-$FQ22/GY$4) -> 0.016882183 | GZ22: =(GX22-GY22)^2 -> 0.0002850081 | HA22: =EXP($FQ22/$JG$4)*GX22 -> 0 | HB22: =EXP($FQ22/$JG$4)*(-1)^$FQ22*GX22 -> 0 | HC22: =(-1)^GW22*GX22 -> 0 | HE22: =$AM22 -> 11 | HF22: =GB22 -> 0 | HG22: =HG$6*(1+HG$5*(-1)^$FQ22)*EXP(-$FQ22/HG$4) -> 0.016882183 | HH22: =(HF22-HG22)^2 -> 0.0002850081 | HI22: =EXP($FQ22/$JG$4)*HF22 -> 0 | HJ22: =EXP($FQ22/$JG$4)*(-1)^$FQ22*HF22 -> 0 | HK22: =(-1)^HE22*HF22 -> 0 | HM22: =$AM22 -> 11 | HN22: =GF22 -> 0 | HO22: =HO$6*(1+HO$5*(-1)^$FQ22)*EXP(-$FQ22/HO$4) -> 0.049990143 | HP22: =(HN22-HO22)^2 -> 0.0024990144 | HQ22: =EXP($FQ22/$JG$4)*HN22 -> 0 | HR22: =EXP($FQ22/$JG$4)*(-1)^$FQ22*HN22 -> 0 | HS22: =(-1)^HM22*HN22 -> 0 | HU22: =$AM22 -> 11 | HV22: =GJ22 -> 0 | HW22: =HW$6*(1+HW$5*(-1)^$FQ22)*EXP(-$FQ22/HW$4) -> 0.2402745 | HX22: =(HV22-HW22)^2 -> 0.057731834 | HY22: =EXP($FQ22/$JG$4)*HV22 -> 0 | HZ22: =EXP($FQ22/$JG$4)*(-1)^$FQ22*HV22 -> 0 | IA22: =(-1)^HU22*HV22 -> 0 | IB22: 0.032409 | ID22: =$AM22 -> 11 | IE22: =FZ22 -> 0 | IF22: =IF$6*(1+IF$5*(-1)^$FQ22)*EXP(-$FQ22/IF$4) -> 0.72601342 | IG22: =(IE22-IF22)^2 -> 0.52709549 | IH22: =EXP($FQ22/$JG$4)*IE22 -> 0 | II22: =EXP($FQ22/$JG$4)*(-1)^$FQ22*IE22 -> 0 | IJ22: =(-1)^ID22*IE22 -> 0 | IK22: 0.074775 | IM22: =$AM22 -> 11 | IN22: =GD22 -> 0.50251256 | IO22: =IO$6*(1+IO$5*(-1)^$FQ22)*EXP(-$FQ22/IO$4) -> 0.94904379 | IP22: =(IN22-IO22)^2 -> 0.19939013 | IQ22: =EXP($FQ22/$JG$4)*IN22 -> 6.5663546 | IR22: =EXP($FQ22/$JG$4)*(-1)^$FQ22*IN22 -> -6.5663546 | IS22: =(-1)^IM22*IN22 -> -0.50251256 | IT22: 0.242579 | IV22: =$AM22 -> 11 | IW22: =GH22 -> 0 | IX22: =IX$6*(1+IX$5*(-1)^$FQ22)*EXP(-$FQ22/IX$4) -> 1.1112017 | IY22: =(IW22-IX22)^2 -> 1.2347691 | IZ22: =EXP($FQ22/$JG$4)*IW22 -> 0 | JA22: =EXP($FQ22/$JG$4)*(-1)^$FQ22*IW22 -> 0 | JB22: =(-1)^IV22*IW22 -> 0 | JC22: 2.397317 | JE22: =$AM22 -> 11 | JF22: =GL22 -> 0 | JG22: =JG$6*(1+JG$5*(-1)^$FQ22)*EXP(-$FQ22/JG$4) -> 0.58364976 | JH22: =(JF22-JG22)^2 -> 0.34064705 | JI22: =EXP($FQ22/$JG$4)*JF22 -> 0 | JJ22: =EXP($FQ22/$JG$4)*(-1)^$FQ22*JF22 -> 0 | JK22: =(-1)^JE22*JF22 -> 0 | JL22: 2.348965 | JO22: =$AM22 -> 11 | JP22: =GM22 -> 1.0050251 | JQ22: =JQ$6*(1+JQ$5*(-1)^$FQ22)*EXP(-$FQ22/JQ$4) -> 1.1363664 | JR22: =(JP22-JQ22)^2 -> 0.017250522 | JS22: =EXP($FQ22/$JG$4)*JP22 -> 13.132709 | JT22: =EXP($FQ22/$JG$4)*(-1)^$FQ22*JP22 -> -13.132709 | JU22: =(-1)^JO22*JP22 -> -1.0050251
A23: 1 | B23: 1 | C23: =B23-A23 -> 0 | D23: 1 | E23: 1 | F23: =E23-D23 -> 0 | G23: 1 | H23: 1 | I23: =H23-G23 -> 0 | J23: 2 | K23: 4 | L23: =K23-J23 -> 2 | M23: 4 | N23: 4 | O23: =N23-M23 -> 0 | P23: 3 | Q23: 4 | R23: =Q23-P23 -> 1 | S23: 2 | T23: 2 | U23: =T23-S23 -> 0 | V23: 2 | W23: 3 | X23: =W23-V23 -> 1 | Y23: 10 | Z23: 16 | AA23: =Z23-Y23 -> 6 | AB23: 6 | AC23: 10 | AD23: =AC23-AB23 -> 4 | AE23: 8 | AF23: 16 | AG23: =AF23-AE23 -> 8 | AI23: BS | AJ23: =COUNTIFS(N$2:N$1000,2,M$2:M$1000,1) -> 12 | AM23: 12 | AN23: 0 | AO23: 0 | AP23: 0 | AQ23: 0 | AR23: 0 | AS23: 0 | AT23: 0 | AU23: 0 | AV23: 0 | AW23: 0 | AX23: 0 | AY23: 0 | AZ23: 0 | BA23: 0 | BB23: 0 | BC23: 0 | BD23: 1 | BE23: 0 | BF23: 1 | BG23: 5 | BH23: 0 | BI23: 0 | BJ23: 0 | BK23: 0 | BL23: 5 | BM23: 8 | BN23: 5 | BO23: 0 | BP23: 3 | BQ23: 0 | BR23: 5 | BS23: 16 | BT23: 1 | BW23: =$AM23 -> 12 | BX23: =MAX(BX22-AN23/AN$9*100,0) -> 0 | BY23: =MAX(BY22-AO23/AO$9*100,0) -> 0 | BZ23: =MAX(BZ22-AQ23/AQ$9*100,0) -> 0 | CA23: =MAX(CA22-AR23/AR$9*100,0) -> 0 | CB23: =CB$7*EXP(-$AM23/CB$8) -> 3.5638597e-05 | CC23: =(BZ23-CB23)^2 -> 1.2701096e-09 | CD23: =MAX(CD22-AT23/AT$9*100,0) -> 0 | CE23: =MAX(CE22-AU23/AU$9*100,0) -> 5.3290705e-15 | CF23: =CF$7*EXP(-$AM23/CF$8) -> 5.2877155e-05 | CG23: =(CD23-CF23)^2 -> 2.7959935e-09 | CH23: =$AM23 -> 12 | CI23: =MAX(CI22-AW23/AW$9*100,0) -> 0 | CJ23: =MAX(CJ22-AX23/AX$9*100,0) -> 0 | CK23: =CK$7*EXP(-$AM23/CK$8) -> 0.0062534204 | CL23: =(CI23-CK23)^2 -> 3.9105266e-05 | CM23: =MAX(CM22-AZ23/AZ$9*100,0) -> 0 | CN23: =MAX(CN22-BA23/BA$9*100,0) -> 5.3290705e-15 | CO23: =CO$7*EXP(-$AM23/CO$8) -> 0.41524705 | CP23: =(CM23-CO23)^2 -> 0.17243011 | CQ23: =$AM23 -> 12 | CR23: =MAX(CR22-BC23/BC$9*100,0) -> 0 | CS23: =MAX(CS22-BD23/BD$9*100,0) -> 0 | CT23: =CT$7*EXP(-$AM23/CT$8) -> 0.011581036 | CU23: =(CR23-CT23)^2 -> 0.0001341204 | CV23: =MAX(CV22-BF23/BF$9*100,0) -> 8.8817842e-15 | CW23: =MAX(CW22-BG23/BG$9*100,0) -> 5.5276382 | CX23: =CX$7*EXP(-$AM23/CX$8) -> 0.94659354 | CY23: =(CV23-CX23)^2 -> 0.89603933 | CZ23: =$AM23 -> 12 | DA23: =MAX(DA22-BI23/BI$9*100,0) -> 0 | DB23: =MAX(DB22-BJ23/BJ$9*100,0) -> 9.8809849e-15 | DC23: =DC$7*EXP(-$AM23/DC$8) -> 0.025123534 | DD23: =(DA23-DC23)^2 -> 0.00063119195 | DE23: =MAX(DE22-BL23/BL$9*100,0) -> 7.0063694 | DF23: =MAX(DF22-BM23/BM$9*100,0) -> 19.745223 | DG23: =DG$7*EXP(-$AM23/DG$8) -> 5.9993417 | DH23: =(DE23-DG23)^2 -> 1.0141048 | DI23: =$AM23 -> 12 | DJ23: =MAX(DJ22-BO23/BO$9*100,0) -> 0 | DK23: =MAX(DK22-BP23/BP$9*100,0) -> 0.51282051 | DL23: =DL$7*EXP(-$AM23/DL$8) -> 0.095242606 | DM23: =(DJ23-DL23)^2 -> 0.009071154 | DN23: =MAX(DN22-BR23/BR$9*100,0) -> 4.0201005 | DO23: =MAX(DO22-BS23/BS$9*100,0) -> 26.633166 | DP23: =DP$7*EXP(-$AM23/DP$8) -> 4.0738464 | DQ23: =(DN23-DP23)^2 -> 0.0028886225 | DS23: =$AM23 -> 12 | DT23: =CA23 -> 0 | DU23: =DU$7*EXP(-DS23/DU$8) -> 0.00069099096 | DV23: =(DT23-DU23)^2 -> 4.774685e-07 | DX23: =$AM23 -> 12 | DY23: =CM23 -> 0 | DZ23: =DZ$7*EXP(-DX23/DZ$8) -> 0.18656455 | EA23: =(DY23-DZ23)^2 -> 0.03480633 | EC23: =$AM23 -> 12 | ED23: =CV23 -> 8.8817842e-15 | EE23: =EE$7*EXP(-EC23/EE$8) -> 0.75250502 | EF23: =(ED23-EE23)^2 -> 0.5662638 | EH23: =$AM23 -> 12 | EI23: =DE23 -> 7.0063694 | EJ23: =EJ$7*EXP(-EH23/EJ$8) -> 5.9744482 | EK23: =(EI23-EJ23)^2 -> 1.0648614 | EM23: =AM23 -> 12 | EN23: =DN23 -> 4.0201005 | EO23: =EO$7*EXP(-EM23/EO$8) -> 4.4808847 | EP23: =(EN23-EO23)^2 -> 0.2123221 | ER23: =$AM23 -> 12 | ES23: =BZ23 -> 0 | ET23: =ET$7*EXP(-ER23/ET$8) -> 0.00011435212 | EU23: =(ES23-ET23)^2 -> 1.3076406e-08 | EW23: =$AM23 -> 12 | EX23: =CI23 -> 0 | EY23: =EY$7*EXP(-EW23/EY$8) -> 0.00045941575 | EZ23: =(EX23-EY23)^2 -> 2.1106283e-07 | FB23: =$AM23 -> 12 | FC23: =CR23 -> 0 | FD23: =FD$7*EXP(-FB23/FD$8) -> 0.001936665 | FE23: =(FC23-FD23)^2 -> 3.7506712e-06 | FG23: =$AM23 -> 12 | FH23: =DA23 -> 0 | FI23: =FI$7*EXP(-FG23/FI$8) -> 0.0091719194 | FJ23: =(FH23-FI23)^2 -> 8.4124106e-05 | FL23: =EM23 -> 12 | FM23: =DJ23 -> 0 | FN23: =FN$7*EXP(-FL23/FN$8) -> 0.057028647 | FO23: =(FM23-FN23)^2 -> 0.0032522665 | FQ23: =AM23 -> 12 | FR23: =AN23/AN$9*100 -> 0 | FS23: =AO23/AO$9*100 -> 0 | FT23: =AQ23/AQ$9*100 -> 0 | FU23: =AR23/AR$9*100 -> 0 | FV23: =AT23/AT$9*100 -> 0 | FW23: =AU23/AU$9*100 -> 0 | FX23: =AW23/AW$9*100 -> 0 | FY23: =AX23/AX$9*100 -> 0 | FZ23: =AZ23/AZ$9*100 -> 0 | GA23: =BA23/BA$9*100 -> 0 | GB23: =BC23/BC$9*100 -> 0 | GC23: =BD23/BD$9*100 -> 0.62893082 | GD23: =BF23/BF$9*100 -> 0.50251256 | GE23: =BG23/BG$9*100 -> 2.5125628 | GF23: =BI23/BI$9*100 -> 0 | GG23: =BJ23/BJ$9*100 -> 0 | GH23: =BL23/BL$9*100 -> 3.1847134 | GI23: =BM23/BM$9*100 -> 5.0955414 | GJ23: =BO23/BO$9*100 -> 0 | GK23: =BP23/BP$9*100 -> 1.5384615 | GL23: =BR23/BR$9*100 -> 2.5125628 | GM23: =BS23/BS$9*100 -> 8.040201 | GO23: =$AM23 -> 12 | GP23: =FT23 -> 0 | GQ23: =GQ$6*(1+GQ$5*(-1)^$FQ23)*EXP(-$FQ23/GQ$4) -> 0.023122443 | GR23: =(GP23-GQ23)^2 -> 0.00053464738 | GS23: =EXP($FQ23/$JG$4)*GP23 -> 0 | GT23: =EXP($FQ23/$JG$4)*(-1)^$FQ23*GP23 -> 0 | GU23: =(-1)^GO23*GP23 -> 0 | GW23: =$AM23 -> 12 | GX23: =FX23 -> 0 | GY23: =GY$6*(1+GY$5*(-1)^$FQ23)*EXP(-$FQ23/GY$4) -> 0.023122443 | GZ23: =(GX23-GY23)^2 -> 0.00053464738 | HA23: =EXP($FQ23/$JG$4)*GX23 -> 0 | HB23: =EXP($FQ23/$JG$4)*(-1)^$FQ23*GX23 -> 0 | HC23: =(-1)^GW23*GX23 -> 0 | HE23: =$AM23 -> 12 | HF23: =GB23 -> 0 | HG23: =HG$6*(1+HG$5*(-1)^$FQ23)*EXP(-$FQ23/HG$4) -> 0.023122443 | HH23: =(HF23-HG23)^2 -> 0.00053464738 | HI23: =EXP($FQ23/$JG$4)*HF23 -> 0 | HJ23: =EXP($FQ23/$JG$4)*(-1)^$FQ23*HF23 -> 0 | HK23: =(-1)^HE23*HF23 -> 0 | HM23: =$AM23 -> 12 | HN23: =GF23 -> 0 | HO23: =HO$6*(1+HO$5*(-1)^$FQ23)*EXP(-$FQ23/HO$4) -> 0.12513222 | HP23: =(HN23-HO23)^2 -> 0.015658073 | HQ23: =EXP($FQ23/$JG$4)*HN23 -> 0 | HR23: =EXP($FQ23/$JG$4)*(-1)^$FQ23*HN23 -> 0 | HS23: =(-1)^HM23*HN23 -> 0 | HU23: =$AM23 -> 12 | HV23: =GJ23 -> 0 | HW23: =HW$6*(1+HW$5*(-1)^$FQ23)*EXP(-$FQ23/HW$4) -> 0.46308769 | HX23: =(HV23-HW23)^2 -> 0.21445021 | HY23: =EXP($FQ23/$JG$4)*HV23 -> 0 | HZ23: =EXP($FQ23/$JG$4)*(-1)^$FQ23*HV23 -> 0 | IA23: =(-1)^HU23*HV23 -> 0 | IB23: 0.01224 | ID23: =$AM23 -> 12 | IE23: =FZ23 -> 0 | IF23: =IF$6*(1+IF$5*(-1)^$FQ23)*EXP(-$FQ23/IF$4) -> 1.009822 | IG23: =(IE23-IF23)^2 -> 1.0197405 | IH23: =EXP($FQ23/$JG$4)*IE23 -> 0 | II23: =EXP($FQ23/$JG$4)*(-1)^$FQ23*IE23 -> 0 | IJ23: =(-1)^ID23*IE23 -> 0 | IK23: 0.03707 | IM23: =$AM23 -> 12 | IN23: =GD23 -> 0.50251256 | IO23: =IO$6*(1+IO$5*(-1)^$FQ23)*EXP(-$FQ23/IO$4) -> 1.5508941 | IP23: =(IN23-IO23)^2 -> 1.0991037 | IQ23: =EXP($FQ23/$JG$4)*IN23 -> 8.2945915 | IR23: =EXP($FQ23/$JG$4)*(-1)^$FQ23*IN23 -> 8.2945915 | IS23: =(-1)^IM23*IN23 -> 0.50251256 | IT23: 0.128546 | IV23: =$AM23 -> 12 | IW23: =GH23 -> 3.1847134 | IX23: =IX$6*(1+IX$5*(-1)^$FQ23)*EXP(-$FQ23/IX$4) -> 3.555396 | IY23: =(IW23-IX23)^2 -> 0.13740561 | IZ23: =EXP($FQ23/$JG$4)*IW23 -> 52.567634 | JA23: =EXP($FQ23/$JG$4)*(-1)^$FQ23*IW23 -> 52.567634 | JB23: =(-1)^IV23*IW23 -> 3.1847134 | JC23: 0.993127 | JE23: =$AM23 -> 12 | JF23: =GL23 -> 2.5125628 | JG23: =JG$6*(1+JG$5*(-1)^$FQ23)*EXP(-$FQ23/JG$4) -> 3.0250687 | JH23: =(JF23-JG23)^2 -> 0.26266231 | JI23: =EXP($FQ23/$JG$4)*JF23 -> 41.472958 | JJ23: =EXP($FQ23/$JG$4)*(-1)^$FQ23*JF23 -> 41.472958 | JK23: =(-1)^JE23*JF23 -> 2.5125628 | JL23: 0.595676 | JO23: =$AM23 -> 12 | JP23: =GM23 -> 8.040201 | JQ23: =JQ$6*(1+JQ$5*(-1)^$FQ23)*EXP(-$FQ23/JQ$4) -> 5.5072414 | JR23: =(JP23-JQ23)^2 -> 6.4158841 | JS23: =EXP($FQ23/$JG$4)*JP23 -> 132.71346 | JT23: =EXP($FQ23/$JG$4)*(-1)^$FQ23*JP23 -> 132.71346 | JU23: =(-1)^JO23*JP23 -> 8.040201
A24: 1 | B24: 1 | C24: =B24-A24 -> 0 | D24: 2 | E24: 2 | F24: =E24-D24 -> 0 | G24: 1 | H24: 1 | I24: =H24-G24 -> 0 | J24: 3 | K24: 5 | L24: =K24-J24 -> 2 | M24: 3 | N24: 3 | O24: =N24-M24 -> 0 | P24: 2 | Q24: 2 | R24: =Q24-P24 -> 0 | S24: 4 | T24: 4 | U24: =T24-S24 -> 0 | V24: 2 | W24: 2 | X24: =W24-V24 -> 0 | Y24: 14 | Z24: 20 | AA24: =Z24-Y24 -> 6 | AB24: 2 | AC24: 6 | AD24: =AC24-AB24 -> 4 | AE24: 13 | AF24: 17 | AG24: =AF24-AE24 -> 4 | AI24: SS | AJ24: =COUNTIFS(N$2:N$1000,2,M$2:M$1000,0) -> 0 | AM24: 13 | AN24: 0 | AO24: 0 | AP24: 0 | AQ24: 0 | AR24: 0 | AS24: 0 | AT24: 0 | AU24: 0 | AV24: 0 | AW24: 0 | AX24: 0 | AY24: 0 | AZ24: 0 | BA24: 0 | BB24: 0 | BC24: 0 | BD24: 0 | BE24: 0 | BF24: 0 | BG24: 3 | BH24: 0 | BI24: 0 | BJ24: 0 | BK24: 0 | BL24: 2 | BM24: 1 | BN24: 0 | BO24: 0 | BP24: 0 | BQ24: 0 | BR24: 1 | BS24: 3 | BT24: 2 | BW24: =$AM24 -> 13 | BX24: =MAX(BX23-AN24/AN$9*100,0) -> 0 | BY24: =MAX(BY23-AO24/AO$9*100,0) -> 0 | BZ24: =MAX(BZ23-AQ24/AQ$9*100,0) -> 0 | CA24: =MAX(CA23-AR24/AR$9*100,0) -> 0 | CB24: =CB$7*EXP(-$AM24/CB$8) -> 9.7252727e-06 | CC24: =(BZ24-CB24)^2 -> 9.4580928e-11 | CD24: =MAX(CD23-AT24/AT$9*100,0) -> 0 | CE24: =MAX(CE23-AU24/AU$9*100,0) -> 5.3290705e-15 | CF24: =CF$7*EXP(-$AM24/CF$8) -> 1.4911737e-05 | CG24: =(CD24-CF24)^2 -> 2.2235989e-10 | CH24: =$AM24 -> 13 | CI24: =MAX(CI23-AW24/AW$9*100,0) -> 0 | CJ24: =MAX(CJ23-AX24/AX$9*100,0) -> 0 | CK24: =CK$7*EXP(-$AM24/CK$8) -> 0.0026602703 | CL24: =(CI24-CK24)^2 -> 7.0770378e-06 | CM24: =MAX(CM23-AZ24/AZ$9*100,0) -> 0 | CN24: =MAX(CN23-BA24/BA$9*100,0) -> 5.3290705e-15 | CO24: =CO$7*EXP(-$AM24/CO$8) -> 0.2567504 | CP24: =(CM24-CO24)^2 -> 0.065920768 | CQ24: =$AM24 -> 13 | CR24: =MAX(CR23-BC24/BC$9*100,0) -> 0 | CS24: =MAX(CS23-BD24/BD$9*100,0) -> 0 | CT24: =CT$7*EXP(-$AM24/CT$8) -> 0.0052696682 | CU24: =(CR24-CT24)^2 -> 2.7769403e-05 | CV24: =MAX(CV23-BF24/BF$9*100,0) -> 8.8817842e-15 | CW24: =MAX(CW23-BG24/BG$9*100,0) -> 4.0201005 | CX24: =CX$7*EXP(-$AM24/CX$8) -> 0.6261855 | CY24: =(CV24-CX24)^2 -> 0.39210828 | CZ24: =$AM24 -> 13 | DA24: =MAX(DA23-BI24/BI$9*100,0) -> 0 | DB24: =MAX(DB23-BJ24/BJ$9*100,0) -> 9.8809849e-15 | DC24: =DC$7*EXP(-$AM24/DC$8) -> 0.012108141 | DD24: =(DA24-DC24)^2 -> 0.00014660707 | DE24: =MAX(DE23-BL24/BL$9*100,0) -> 5.7324841 | DF24: =MAX(DF23-BM24/BM$9*100,0) -> 19.10828 | DG24: =DG$7*EXP(-$AM24/DG$8) -> 4.672292 | DH24: =(DE24-DG24)^2 -> 1.1240071 | DI24: =$AM24 -> 13 | DJ24: =MAX(DJ23-BO24/BO$9*100,0) -> 0 | DK24: =MAX(DK23-BP24/BP$9*100,0) -> 0.51282051 | DL24: =DL$7*EXP(-$AM24/DL$8) -> 0.051569502 | DM24: =(DJ24-DL24)^2 -> 0.0026594135 | DN24: =MAX(DN23-BR24/BR$9*100,0) -> 3.5175879 | DO24: =MAX(DO23-BS24/BS$9*100,0) -> 25.125628 | DP24: =DP$7*EXP(-$AM24/DP$8) -> 3.0688457 | DQ24: =(DN24-DP24)^2 -> 0.2013696 | DS24: =$AM24 -> 13 | DT24: =CA24 -> 0 | DU24: =DU$7*EXP(-DS24/DU$8) -> 0.0002464598 | DV24: =(DT24-DU24)^2 -> 6.0742434e-08 | DX24: =$AM24 -> 13 | DY24: =CM24 -> 0 | DZ24: =DZ$7*EXP(-DX24/DZ$8) -> 0.10637595 | EA24: =(DY24-DZ24)^2 -> 0.011315843 | EC24: =$AM24 -> 13 | ED24: =CV24 -> 8.8817842e-15 | EE24: =EE$7*EXP(-EC24/EE$8) -> 0.48625172 | EF24: =(ED24-EE24)^2 -> 0.23644074 | EH24: =$AM24 -> 13 | EI24: =DE24 -> 5.7324841 | EJ24: =EJ$7*EXP(-EH24/EJ$8) -> 4.6529049 | EK24: =(EI24-EJ24)^2 -> 1.1654911 | EM24: =AM24 -> 13 | EN24: =DN24 -> 3.5175879 | EO24: =EO$7*EXP(-EM24/EO$8) -> 3.4070537 | EP24: =(EN24-EO24)^2 -> 0.012217813 | ER24: =$AM24 -> 13 | ES24: =BZ24 -> 0 | ET24: =ET$7*EXP(-ER24/ET$8) -> 3.4771783e-05 | EU24: =(ES24-ET24)^2 -> 1.2090769e-09 | EW24: =$AM24 -> 13 | EX24: =CI24 -> 0 | EY24: =EY$7*EXP(-EW24/EY$8) -> 0.00015309436 | EZ24: =(EX24-EY24)^2 -> 2.3437884e-08 | FB24: =$AM24 -> 13 | FC24: =CR24 -> 0 | FD24: =FD$7*EXP(-FB24/FD$8) -> 0.00074720661 | FE24: =(FC24-FD24)^2 -> 5.5831771e-07 | FG24: =$AM24 -> 13 | FH24: =DA24 -> 0 | FI24: =FI$7*EXP(-FG24/FI$8) -> 0.004013647 | FJ24: =(FH24-FI24)^2 -> 1.6109362e-05 | FL24: =EM24 -> 13 | FM24: =DJ24 -> 0 | FN24: =FN$7*EXP(-FL24/FN$8) -> 0.029279484 | FO24: =(FM24-FN24)^2 -> 0.00085728815 | FQ24: =AM24 -> 13 | FR24: =AN24/AN$9*100 -> 0 | FS24: =AO24/AO$9*100 -> 0 | FT24: =AQ24/AQ$9*100 -> 0 | FU24: =AR24/AR$9*100 -> 0 | FV24: =AT24/AT$9*100 -> 0 | FW24: =AU24/AU$9*100 -> 0 | FX24: =AW24/AW$9*100 -> 0 | FY24: =AX24/AX$9*100 -> 0 | FZ24: =AZ24/AZ$9*100 -> 0 | GA24: =BA24/BA$9*100 -> 0 | GB24: =BC24/BC$9*100 -> 0 | GC24: =BD24/BD$9*100 -> 0 | GD24: =BF24/BF$9*100 -> 0 | GE24: =BG24/BG$9*100 -> 1.5075377 | GF24: =BI24/BI$9*100 -> 0 | GG24: =BJ24/BJ$9*100 -> 0 | GH24: =BL24/BL$9*100 -> 1.2738854 | GI24: =BM24/BM$9*100 -> 0.63694268 | GJ24: =BO24/BO$9*100 -> 0 | GK24: =BP24/BP$9*100 -> 0 | GL24: =BR24/BR$9*100 -> 0.50251256 | GM24: =BS24/BS$9*100 -> 1.5075377 | GO24: =$AM24 -> 13 | GP24: =FT24 -> 0 | GQ24: =GQ$6*(1+GQ$5*(-1)^$FQ24)*EXP(-$FQ24/GQ$4) -> 0.0037102798 | GR24: =(GP24-GQ24)^2 -> 1.3766176e-05 | GS24: =EXP($FQ24/$JG$4)*GP24 -> 0 | GT24: =EXP($FQ24/$JG$4)*(-1)^$FQ24*GP24 -> 0 | GU24: =(-1)^GO24*GP24 -> 0 | GW24: =$AM24 -> 13 | GX24: =FX24 -> 0 | GY24: =GY$6*(1+GY$5*(-1)^$FQ24)*EXP(-$FQ24/GY$4) -> 0.0037102798 | GZ24: =(GX24-GY24)^2 -> 1.3766176e-05 | HA24: =EXP($FQ24/$JG$4)*GX24 -> 0 | HB24: =EXP($FQ24/$JG$4)*(-1)^$FQ24*GX24 -> 0 | HC24: =(-1)^GW24*GX24 -> 0 | HE24: =$AM24 -> 13 | HF24: =GB24 -> 0 | HG24: =HG$6*(1+HG$5*(-1)^$FQ24)*EXP(-$FQ24/HG$4) -> 0.0037102798 | HH24: =(HF24-HG24)^2 -> 1.3766176e-05 | HI24: =EXP($FQ24/$JG$4)*HF24 -> 0 | HJ24: =EXP($FQ24/$JG$4)*(-1)^$FQ24*HF24 -> 0 | HK24: =(-1)^HE24*HF24 -> 0 | HM24: =$AM24 -> 13 | HN24: =GF24 -> 0 | HO24: =HO$6*(1+HO$5*(-1)^$FQ24)*EXP(-$FQ24/HO$4) -> 0.015092849 | HP24: =(HN24-HO24)^2 -> 0.0002277941 | HQ24: =EXP($FQ24/$JG$4)*HN24 -> 0 | HR24: =EXP($FQ24/$JG$4)*(-1)^$FQ24*HN24 -> 0 | HS24: =(-1)^HM24*HN24 -> 0 | HU24: =$AM24 -> 13 | HV24: =GJ24 -> 0 | HW24: =HW$6*(1+HW$5*(-1)^$FQ24)*EXP(-$FQ24/HW$4) -> 0.099169079 | HX24: =(HV24-HW24)^2 -> 0.0098345062 | HY24: =EXP($FQ24/$JG$4)*HV24 -> 0 | HZ24: =EXP($FQ24/$JG$4)*(-1)^$FQ24*HV24 -> 0 | IA24: =(-1)^HU24*HV24 -> 0 | IB24: 0.006398 | ID24: =$AM24 -> 13 | IE24: =FZ24 -> 0 | IF24: =IF$6*(1+IF$5*(-1)^$FQ24)*EXP(-$FQ24/IF$4) -> 0.37274772 | IG24: =(IE24-IF24)^2 -> 0.13894086 | IH24: =EXP($FQ24/$JG$4)*IE24 -> 0 | II24: =EXP($FQ24/$JG$4)*(-1)^$FQ24*IE24 -> 0 | IJ24: =(-1)^ID24*IE24 -> 0 | IK24: 0.017582 | IM24: =$AM24 -> 13 | IN24: =GD24 -> 0 | IO24: =IO$6*(1+IO$5*(-1)^$FQ24)*EXP(-$FQ24/IO$4) -> 0.53594222 | IP24: =(IN24-IO24)^2 -> 0.28723407 | IQ24: =EXP($FQ24/$JG$4)*IN24 -> 0 | IR24: =EXP($FQ24/$JG$4)*(-1)^$FQ24*IN24 -> 0 | IS24: =(-1)^IM24*IN24 -> 0 | IT24: 0.069341 | IV24: =$AM24 -> 13 | IW24: =GH24 -> 1.2738854 | IX24: =IX$6*(1+IX$5*(-1)^$FQ24)*EXP(-$FQ24/IX$4) -> 0.75640875 | IY24: =(IW24-IX24)^2 -> 0.26778204 | IZ24: =EXP($FQ24/$JG$4)*IW24 -> 26.561286 | JA24: =EXP($FQ24/$JG$4)*(-1)^$FQ24*IW24 -> -26.561286 | JB24: =(-1)^IV24*IW24 -> -1.2738854 | JC24: 1.211962 | JE24: =$AM24 -> 13 | JF24: =GL24 -> 0.50251256 | JG24: =JG$6*(1+JG$5*(-1)^$FQ24)*EXP(-$FQ24/JG$4) -> 0.36577243 | JH24: =(JF24-JG24)^2 -> 0.018697864 | JI24: =EXP($FQ24/$JG$4)*JF24 -> 10.477693 | JJ24: =EXP($FQ24/$JG$4)*(-1)^$FQ24*JF24 -> -10.477693 | JK24: =(-1)^JE24*JF24 -> -0.50251256 | JL24: 1.098569 | JO24: =$AM24 -> 13 | JP24: =GM24 -> 1.5075377 | JQ24: =JQ$6*(1+JQ$5*(-1)^$FQ24)*EXP(-$FQ24/JQ$4) -> 0.96834754 | JR24: =(JP24-JQ24)^2 -> 0.29072601 | JS24: =EXP($FQ24/$JG$4)*JP24 -> 31.43308 | JT24: =EXP($FQ24/$JG$4)*(-1)^$FQ24*JP24 -> -31.43308 | JU24: =(-1)^JO24*JP24 -> -1.5075377
A25: 1 | B25: 1 | C25: =B25-A25 -> 0 | D25: 1 | E25: 1 | F25: =E25-D25 -> 0 | G25: 2 | H25: 2 | I25: =H25-G25 -> 0 | J25: 4 | K25: 6 | L25: =K25-J25 -> 2 | M25: 1 | N25: 4 | O25: =N25-M25 -> 3 | P25: 4 | Q25: 4 | R25: =Q25-P25 -> 0 | S25: 3 | T25: 5 | U25: =T25-S25 -> 2 | V25: 2 | W25: 4 | X25: =W25-V25 -> 2 | Y25: 2 | Z25: 2 | AA25: =Z25-Y25 -> 0 | AB25: 2 | AC25: 6 | AD25: =AC25-AB25 -> 4 | AE25: 4 | AF25: 4 | AG25: =AF25-AE25 -> 0 | AM25: 14 | AN25: 0 | AO25: 0 | AP25: 0 | AQ25: 0 | AR25: 0 | AS25: 0 | AT25: 0 | AU25: 0 | AV25: 0 | AW25: 0 | AX25: 0 | AY25: 0 | AZ25: 0 | BA25: 0 | BB25: 0 | BC25: 0 | BD25: 0 | BE25: 0 | BF25: 0 | BG25: 1 | BH25: 1 | BI25: 0 | BJ25: 0 | BK25: 0 | BL25: 3 | BM25: 3 | BN25: 1 | BO25: 0 | BP25: 1 | BQ25: 0 | BR25: 1 | BS25: 10 | BT25: 4 | BW25: =$AM25 -> 14 | BX25: =MAX(BX24-AN25/AN$9*100,0) -> 0 | BY25: =MAX(BY24-AO25/AO$9*100,0) -> 0 | BZ25: =MAX(BZ24-AQ25/AQ$9*100,0) -> 0 | CA25: =MAX(CA24-AR25/AR$9*100,0) -> 0 | CB25: =CB$7*EXP(-$AM25/CB$8) -> 2.6538904e-06 | CC25: =(BZ25-CB25)^2 -> 7.0431341e-12 | CD25: =MAX(CD24-AT25/AT$9*100,0) -> 0 | CE25: =MAX(CE24-AU25/AU$9*100,0) -> 5.3290705e-15 | CF25: =CF$7*EXP(-$AM25/CF$8) -> 4.2052167e-06 | CG25: =(CD25-CF25)^2 -> 1.7683847e-11 | CH25: =$AM25 -> 14 | CI25: =MAX(CI24-AW25/AW$9*100,0) -> 0 | CJ25: =MAX(CJ24-AX25/AX$9*100,0) -> 0 | CK25: =CK$7*EXP(-$AM25/CK$8) -> 0.0011317067 | CL25: =(CI25-CK25)^2 -> 1.2807601e-06 | CM25: =MAX(CM24-AZ25/AZ$9*100,0) -> 0 | CN25: =MAX(CN24-BA25/BA$9*100,0) -> 5.3290705e-15 | CO25: =CO$7*EXP(-$AM25/CO$8) -> 0.15875072 | CP25: =(CM25-CO25)^2 -> 0.025201791 | CQ25: =$AM25 -> 14 | CR25: =MAX(CR24-BC25/BC$9*100,0) -> 0 | CS25: =MAX(CS24-BD25/BD$9*100,0) -> 0 | CT25: =CT$7*EXP(-$AM25/CT$8) -> 0.002397834 | CU25: =(CR25-CT25)^2 -> 5.7496078e-06 | CV25: =MAX(CV24-BF25/BF$9*100,0) -> 8.8817842e-15 | CW25: =MAX(CW24-BG25/BG$9*100,0) -> 3.5175879 | CX25: =CX$7*EXP(-$AM25/CX$8) -> 0.41423088 | CY25: =(CV25-CX25)^2 -> 0.17158723 | CZ25: =$AM25 -> 14 | DA25: =MAX(DA24-BI25/BI$9*100,0) -> 0 | DB25: =MAX(DB24-BJ25/BJ$9*100,0) -> 9.8809849e-15 | DC25: =DC$7*EXP(-$AM25/DC$8) -> 0.0058354477 | DD25: =(DA25-DC25)^2 -> 3.405245e-05 | DE25: =MAX(DE24-BL25/BL$9*100,0) -> 3.8216561 | DF25: =MAX(DF24-BM25/BM$9*100,0) -> 17.197452 | DG25: =DG$7*EXP(-$AM25/DG$8) -> 3.6387847 | DH25: =(DE25-DG25)^2 -> 0.03344193 | DI25: =$AM25 -> 14 | DJ25: =MAX(DJ24-BO25/BO$9*100,0) -> 0 | DK25: =MAX(DK24-BP25/BP$9*100,0) -> 9.9920072e-15 | DL25: =DL$7*EXP(-$AM25/DL$8) -> 0.02792252 | DM25: =(DJ25-DL25)^2 -> 0.0007796671 | DN25: =MAX(DN24-BR25/BR$9*100,0) -> 3.0150754 | DO25: =MAX(DO24-BS25/BS$9*100,0) -> 20.100503 | DP25: =DP$7*EXP(-$AM25/DP$8) -> 2.3117744 | DQ25: =(DN25-DP25)^2 -> 0.49463223 | DS25: =$AM25 -> 14 | DT25: =CA25 -> 0 | DU25: =DU$7*EXP(-DS25/DU$8) -> 8.7906264e-05 | DV25: =(DT25-DU25)^2 -> 7.7275113e-09 | DX25: =$AM25 -> 14 | DY25: =CM25 -> 0 | DZ25: =DZ$7*EXP(-DX25/DZ$8) -> 0.060653769 | EA25: =(DY25-DZ25)^2 -> 0.0036788797 | EC25: =$AM25 -> 14 | ED25: =CV25 -> 8.8817842e-15 | EE25: =EE$7*EXP(-EC25/EE$8) -> 0.31420487 | EF25: =(ED25-EE25)^2 -> 0.098724699 | EH25: =$AM25 -> 14 | EI25: =DE25 -> 3.8216561 | EJ25: =EJ$7*EXP(-EH25/EJ$8) -> 3.623686 | EK25: =(EI25-EJ25)^2 -> 0.039192137 | EM25: =AM25 -> 14 | EN25: =DN25 -> 3.0150754 | EO25: =EO$7*EXP(-EM25/EO$8) -> 2.5905632 | EP25: =(EN25-EO25)^2 -> 0.18021059 | ER25: =$AM25 -> 14 | ES25: =BZ25 -> 0 | ET25: =ET$7*EXP(-ER25/ET$8) -> 1.057328e-05 | EU25: =(ES25-ET25)^2 -> 1.1179425e-10 | EW25: =$AM25 -> 14 | EX25: =CI25 -> 0 | EY25: =EY$7*EXP(-EW25/EY$8) -> 5.1016718e-05 | EZ25: =(EX25-EY25)^2 -> 2.6027055e-09 | FB25: =$AM25 -> 14 | FC25: =CR25 -> 0 | FD25: =FD$7*EXP(-FB25/FD$8) -> 0.00028828823 | FE25: =(FC25-FD25)^2 -> 8.3110103e-08 | FG25: =$AM25 -> 14 | FH25: =DA25 -> 0 | FI25: =FI$7*EXP(-FG25/FI$8) -> 0.0017563785 | FJ25: =(FH25-FI25)^2 -> 3.0848654e-06 | FL25: =EM25 -> 14 | FM25: =DJ25 -> 0 | FN25: =FN$7*EXP(-FL25/FN$8) -> 0.015032588 | FO25: =(FM25-FN25)^2 -> 0.0002259787 | FQ25: =AM25 -> 14 | FR25: =AN25/AN$9*100 -> 0 | FS25: =AO25/AO$9*100 -> 0 | FT25: =AQ25/AQ$9*100 -> 0 | FU25: =AR25/AR$9*100 -> 0 | FV25: =AT25/AT$9*100 -> 0 | FW25: =AU25/AU$9*100 -> 0 | FX25: =AW25/AW$9*100 -> 0 | FY25: =AX25/AX$9*100 -> 0 | FZ25: =AZ25/AZ$9*100 -> 0 | GA25: =BA25/BA$9*100 -> 0 | GB25: =BC25/BC$9*100 -> 0 | GC25: =BD25/BD$9*100 -> 0 | GD25: =BF25/BF$9*100 -> 0 | GE25: =BG25/BG$9*100 -> 0.50251256 | GF25: =BI25/BI$9*100 -> 0 | GG25: =BJ25/BJ$9*100 -> 0 | GH25: =BL25/BL$9*100 -> 1.910828 | GI25: =BM25/BM$9*100 -> 1.910828 | GJ25: =BO25/BO$9*100 -> 0 | GK25: =BP25/BP$9*100 -> 0.51282051 | GL25: =BR25/BR$9*100 -> 0.50251256 | GM25: =BS25/BS$9*100 -> 5.0251256 | GO25: =$AM25 -> 14 | GP25: =FT25 -> 0 | GQ25: =GQ$6*(1+GQ$5*(-1)^$FQ25)*EXP(-$FQ25/GQ$4) -> 0.0050817323 | GR25: =(GP25-GQ25)^2 -> 2.5824003e-05 | GS25: =EXP($FQ25/$JG$4)*GP25 -> 0 | GT25: =EXP($FQ25/$JG$4)*(-1)^$FQ25*GP25 -> 0 | GU25: =(-1)^GO25*GP25 -> 0 | GW25: =$AM25 -> 14 | GX25: =FX25 -> 0 | GY25: =GY$6*(1+GY$5*(-1)^$FQ25)*EXP(-$FQ25/GY$4) -> 0.0050817323 | GZ25: =(GX25-GY25)^2 -> 2.5824003e-05 | HA25: =EXP($FQ25/$JG$4)*GX25 -> 0 | HB25: =EXP($FQ25/$JG$4)*(-1)^$FQ25*GX25 -> 0 | HC25: =(-1)^GW25*GX25 -> 0 | HE25: =$AM25 -> 14 | HF25: =GB25 -> 0 | HG25: =HG$6*(1+HG$5*(-1)^$FQ25)*EXP(-$FQ25/HG$4) -> 0.0050817323 | HH25: =(HF25-HG25)^2 -> 2.5824003e-05 | HI25: =EXP($FQ25/$JG$4)*HF25 -> 0 | HJ25: =EXP($FQ25/$JG$4)*(-1)^$FQ25*HF25 -> 0 | HK25: =(-1)^HE25*HF25 -> 0 | HM25: =$AM25 -> 14 | HN25: =GF25 -> 0 | HO25: =HO$6*(1+HO$5*(-1)^$FQ25)*EXP(-$FQ25/HO$4) -> 0.037779482 | HP25: =(HN25-HO25)^2 -> 0.0014272893 | HQ25: =EXP($FQ25/$JG$4)*HN25 -> 0 | HR25: =EXP($FQ25/$JG$4)*(-1)^$FQ25*HN25 -> 0 | HS25: =(-1)^HM25*HN25 -> 0 | HU25: =$AM25 -> 14 | HV25: =GJ25 -> 0 | HW25: =HW$6*(1+HW$5*(-1)^$FQ25)*EXP(-$FQ25/HW$4) -> 0.19113131 | HX25: =(HV25-HW25)^2 -> 0.036531177 | HY25: =EXP($FQ25/$JG$4)*HV25 -> 0 | HZ25: =EXP($FQ25/$JG$4)*(-1)^$FQ25*HV25 -> 0 | IA25: =(-1)^HU25*HV25 -> 0 | IB25: 0.002504 | ID25: =$AM25 -> 14 | IE25: =FZ25 -> 0 | IF25: =IF$6*(1+IF$5*(-1)^$FQ25)*EXP(-$FQ25/IF$4) -> 0.51845992 | IG25: =(IE25-IF25)^2 -> 0.26880068 | IH25: =EXP($FQ25/$JG$4)*IE25 -> 0 | II25: =EXP($FQ25/$JG$4)*(-1)^$FQ25*IE25 -> 0 | IJ25: =(-1)^ID25*IE25 -> 0 | IK25: 0.006355 | IM25: =$AM25 -> 14 | IN25: =GD25 -> 0 | IO25: =IO$6*(1+IO$5*(-1)^$FQ25)*EXP(-$FQ25/IO$4) -> 0.87581798 | IP25: =(IN25-IO25)^2 -> 0.76705713 | IQ25: =EXP($FQ25/$JG$4)*IN25 -> 0 | IR25: =EXP($FQ25/$JG$4)*(-1)^$FQ25*IN25 -> 0 | IS25: =(-1)^IM25*IN25 -> 0 | IT25: 0.030409 | IV25: =$AM25 -> 14 | IW25: =GH25 -> 1.910828 | IX25: =IX$6*(1+IX$5*(-1)^$FQ25)*EXP(-$FQ25/IX$4) -> 2.4202021 | IY25: =(IW25-IX25)^2 -> 0.25946199 | IZ25: =EXP($FQ25/$JG$4)*IW25 -> 50.328157 | JA25: =EXP($FQ25/$JG$4)*(-1)^$FQ25*IW25 -> 50.328157 | JB25: =(-1)^IV25*IW25 -> 1.910828 | JC25: 0.540211 | JE25: =$AM25 -> 14 | JF25: =GL25 -> 0.50251256 | JG25: =JG$6*(1+JG$5*(-1)^$FQ25)*EXP(-$FQ25/JG$4) -> 1.895806 | JH25: =(JF25-JG25)^2 -> 1.9412667 | JI25: =EXP($FQ25/$JG$4)*JF25 -> 13.235378 | JJ25: =EXP($FQ25/$JG$4)*(-1)^$FQ25*JF25 -> 13.235378 | JK25: =(-1)^JE25*JF25 -> 0.50251256 | JL25: 0.31878 | JO25: =$AM25 -> 14 | JP25: =GM25 -> 5.0251256 | JQ25: =JQ$6*(1+JQ$5*(-1)^$FQ25)*EXP(-$FQ25/JQ$4) -> 4.6929616 | JR25: =(JP25-JQ25)^2 -> 0.11033295 | JS25: =EXP($FQ25/$JG$4)*JP25 -> 132.35378 | JT25: =EXP($FQ25/$JG$4)*(-1)^$FQ25*JP25 -> 132.35378 | JU25: =(-1)^JO25*JP25 -> 5.0251256
A26: 2 | B26: 2 | C26: =B26-A26 -> 0 | D26: 2 | E26: 2 | F26: =E26-D26 -> 0 | G26: 1 | H26: 1 | I26: =H26-G26 -> 0 | J26: 4 | K26: 4 | L26: =K26-J26 -> 0 | M26: 2 | N26: 2 | O26: =N26-M26 -> 0 | P26: 2 | Q26: 2 | R26: =Q26-P26 -> 0 | S26: 1 | T26: 1 | U26: =T26-S26 -> 0 | V26: 2 | W26: 2 | X26: =W26-V26 -> 0 | Y26: 10 | Z26: 10 | AA26: =Z26-Y26 -> 0 | AB26: 5 | AC26: 9 | AD26: =AC26-AB26 -> 4 | AE26: 8 | AF26: 12 | AG26: =AF26-AE26 -> 4 | AI26: CTRL D8 | AM26: 15 | AN26: 0 | AO26: 0 | AP26: 0 | AQ26: 0 | AR26: 0 | AS26: 0 | AT26: 0 | AU26: 0 | AV26: 0 | AW26: 0 | AX26: 0 | AY26: 0 | AZ26: 0 | BA26: 0 | BB26: 0 | BC26: 0 | BD26: 0 | BE26: 0 | BF26: 0 | BG26: 3 | BH26: 0 | BI26: 0 | BJ26: 0 | BK26: 0 | BL26: 0 | BM26: 1 | BN26: 0 | BO26: 0 | BP26: 0 | BQ26: 0 | BR26: 0 | BS26: 0 | BT26: 2 | BW26: =$AM26 -> 15 | BX26: =MAX(BX25-AN26/AN$9*100,0) -> 0 | BY26: =MAX(BY25-AO26/AO$9*100,0) -> 0 | BZ26: =MAX(BZ25-AQ26/AQ$9*100,0) -> 0 | CA26: =MAX(CA25-AR26/AR$9*100,0) -> 0 | CB26: =CB$7*EXP(-$AM26/CB$8) -> 7.2420942e-07 | CC26: =(BZ26-CB26)^2 -> 5.2447929e-13 | CD26: =MAX(CD25-AT26/AT$9*100,0) -> 0 | CE26: =MAX(CE25-AU26/AU$9*100,0) -> 5.3290705e-15 | CF26: =CF$7*EXP(-$AM26/CF$8) -> 1.1859013e-06 | CG26: =(CD26-CF26)^2 -> 1.4063618e-12 | CH26: =$AM26 -> 15 | CI26: =MAX(CI25-AW26/AW$9*100,0) -> 0 | CJ26: =MAX(CJ25-AX26/AX$9*100,0) -> 0 | CK26: =CK$7*EXP(-$AM26/CK$8) -> 0.00048143984 | CL26: =(CI26-CK26)^2 -> 2.3178432e-07 | CM26: =MAX(CM25-AZ26/AZ$9*100,0) -> 0 | CN26: =MAX(CN25-BA26/BA$9*100,0) -> 5.3290705e-15 | CO26: =CO$7*EXP(-$AM26/CO$8) -> 0.098156775 | CP26: =(CM26-CO26)^2 -> 0.0096347525 | CQ26: =$AM26 -> 15 | CR26: =MAX(CR25-BC26/BC$9*100,0) -> 0 | CS26: =MAX(CS25-BD26/BD$9*100,0) -> 0 | CT26: =CT$7*EXP(-$AM26/CT$8) -> 0.0010910759 | CU26: =(CR26-CT26)^2 -> 1.1904465e-06 | CV26: =MAX(CV25-BF26/BF$9*100,0) -> 8.8817842e-15 | CW26: =MAX(CW25-BG26/BG$9*100,0) -> 2.0100503 | CX26: =CX$7*EXP(-$AM26/CX$8) -> 0.2740198 | CY26: =(CV26-CX26)^2 -> 0.075086851 | CZ26: =$AM26 -> 15 | DA26: =MAX(DA25-BI26/BI$9*100,0) -> 0 | DB26: =MAX(DB25-BJ26/BJ$9*100,0) -> 9.8809849e-15 | DC26: =DC$7*EXP(-$AM26/DC$8) -> 0.00281236 | DD26: =(DA26-DC26)^2 -> 7.9093687e-06 | DE26: =MAX(DE25-BL26/BL$9*100,0) -> 3.8216561 | DF26: =MAX(DF25-BM26/BM$9*100,0) -> 16.56051 | DG26: =DG$7*EXP(-$AM26/DG$8) -> 2.8338884 | DH26: =(DE26-DG26)^2 -> 0.97568498 | DI26: =$AM26 -> 15 | DJ26: =MAX(DJ25-BO26/BO$9*100,0) -> 0 | DK26: =MAX(DK25-BP26/BP$9*100,0) -> 9.9920072e-15 | DL26: =DL$7*EXP(-$AM26/DL$8) -> 0.015118763 | DM26: =(DJ26-DL26)^2 -> 0.00022857701 | DN26: =MAX(DN25-BR26/BR$9*100,0) -> 3.0150754 | DO26: =MAX(DO25-BS26/BS$9*100,0) -> 20.100503 | DP26: =DP$7*EXP(-$AM26/DP$8) -> 1.7414694 | DQ26: =(DN26-DP26)^2 -> 1.6220721 | DS26: =$AM26 -> 15 | DT26: =CA26 -> 0 | DU26: =DU$7*EXP(-DS26/DU$8) -> 3.1354043e-05 | DV26: =(DT26-DU26)^2 -> 9.8307603e-10 | DX26: =$AM26 -> 15 | DY26: =CM26 -> 0 | DZ26: =DZ$7*EXP(-DX26/DZ$8) -> 0.034583754 | EA26: =(DY26-DZ26)^2 -> 0.001196036 | EC26: =$AM26 -> 15 | ED26: =CV26 -> 8.8817842e-15 | EE26: =EE$7*EXP(-EC26/EE$8) -> 0.20303208 | EF26: =(ED26-EE26)^2 -> 0.041222025 | EH26: =$AM26 -> 15 | EI26: =DE26 -> 3.8216561 | EJ26: =EJ$7*EXP(-EH26/EJ$8) -> 2.8221295 | EK26: =(EI26-EJ26)^2 -> 0.99905332 | EM26: =AM26 -> 15 | EN26: =DN26 -> 3.0150754 | EO26: =EO$7*EXP(-EM26/EO$8) -> 1.9697423 | EP26: =(EN26-EO26)^2 -> 1.0927213 | ER26: =$AM26 -> 15 | ES26: =BZ26 -> 0 | ET26: =ET$7*EXP(-ER26/ET$8) -> 3.2150852e-06 | EU26: =(ES26-ET26)^2 -> 1.0336773e-11 | EW26: =$AM26 -> 15 | EX26: =CI26 -> 0 | EY26: =EY$7*EXP(-EW26/EY$8) -> 1.7000662e-05 | EZ26: =(EX26-EY26)^2 -> 2.8902251e-10 | FB26: =$AM26 -> 15 | FC26: =CR26 -> 0 | FD26: =FD$7*EXP(-FB26/FD$8) -> 0.00011122774 | FE26: =(FC26-FD26)^2 -> 1.237161e-08 | FG26: =$AM26 -> 15 | FH26: =DA26 -> 0 | FI26: =FI$7*EXP(-FG26/FI$8) -> 0.00076859411 | FJ26: =(FH26-FI26)^2 -> 5.9073691e-07 | FL26: =EM26 -> 15 | FM26: =DJ26 -> 0 | FN26: =FN$7*EXP(-FL26/FN$8) -> 0.0077179881 | FO26: =(FM26-FN26)^2 -> 5.956734e-05 | FQ26: =AM26 -> 15 | FR26: =AN26/AN$9*100 -> 0 | FS26: =AO26/AO$9*100 -> 0 | FT26: =AQ26/AQ$9*100 -> 0 | FU26: =AR26/AR$9*100 -> 0 | FV26: =AT26/AT$9*100 -> 0 | FW26: =AU26/AU$9*100 -> 0 | FX26: =AW26/AW$9*100 -> 0 | FY26: =AX26/AX$9*100 -> 0 | FZ26: =AZ26/AZ$9*100 -> 0 | GA26: =BA26/BA$9*100 -> 0 | GB26: =BC26/BC$9*100 -> 0 | GC26: =BD26/BD$9*100 -> 0 | GD26: =BF26/BF$9*100 -> 0 | GE26: =BG26/BG$9*100 -> 1.5075377 | GF26: =BI26/BI$9*100 -> 0 | GG26: =BJ26/BJ$9*100 -> 0 | GH26: =BL26/BL$9*100 -> 0 | GI26: =BM26/BM$9*100 -> 0.63694268 | GJ26: =BO26/BO$9*100 -> 0 | GK26: =BP26/BP$9*100 -> 0 | GL26: =BR26/BR$9*100 -> 0 | GM26: =BS26/BS$9*100 -> 0 | GO26: =$AM26 -> 15 | GP26: =FT26 -> 0 | GQ26: =GQ$6*(1+GQ$5*(-1)^$FQ26)*EXP(-$FQ26/GQ$4) -> 0.0008154263 | GR26: =(GP26-GQ26)^2 -> 6.6492005e-07 | GS26: =EXP($FQ26/$JG$4)*GP26 -> 0 | GT26: =EXP($FQ26/$JG$4)*(-1)^$FQ26*GP26 -> 0 | GU26: =(-1)^GO26*GP26 -> 0 | GW26: =$AM26 -> 15 | GX26: =FX26 -> 0 | GY26: =GY$6*(1+GY$5*(-1)^$FQ26)*EXP(-$FQ26/GY$4) -> 0.0008154263 | GZ26: =(GX26-GY26)^2 -> 6.6492005e-07 | HA26: =EXP($FQ26/$JG$4)*GX26 -> 0 | HB26: =EXP($FQ26/$JG$4)*(-1)^$FQ26*GX26 -> 0 | HC26: =(-1)^GW26*GX26 -> 0 | HE26: =$AM26 -> 15 | HF26: =GB26 -> 0 | HG26: =HG$6*(1+HG$5*(-1)^$FQ26)*EXP(-$FQ26/HG$4) -> 0.0008154263 | HH26: =(HF26-HG26)^2 -> 6.6492005e-07 | HI26: =EXP($FQ26/$JG$4)*HF26 -> 0 | HJ26: =EXP($FQ26/$JG$4)*(-1)^$FQ26*HF26 -> 0 | HK26: =(-1)^HE26*HF26 -> 0 | HM26: =$AM26 -> 15 | HN26: =GF26 -> 0 | HO26: =HO$6*(1+HO$5*(-1)^$FQ26)*EXP(-$FQ26/HO$4) -> 0.0045567802 | HP26: =(HN26-HO26)^2 -> 2.0764246e-05 | HQ26: =EXP($FQ26/$JG$4)*HN26 -> 0 | HR26: =EXP($FQ26/$JG$4)*(-1)^$FQ26*HN26 -> 0 | HS26: =(-1)^HM26*HN26 -> 0 | HU26: =$AM26 -> 15 | HV26: =GJ26 -> 0 | HW26: =HW$6*(1+HW$5*(-1)^$FQ26)*EXP(-$FQ26/HW$4) -> 0.040930295 | HX26: =(HV26-HW26)^2 -> 0.0016752891 | HY26: =EXP($FQ26/$JG$4)*HV26 -> 0 | HZ26: =EXP($FQ26/$JG$4)*(-1)^$FQ26*HV26 -> 0 | IA26: =(-1)^HU26*HV26 -> 0 | IB26: 0.000695 | ID26: =$AM26 -> 15 | IE26: =FZ26 -> 0 | IF26: =IF$6*(1+IF$5*(-1)^$FQ26)*EXP(-$FQ26/IF$4) -> 0.19137506 | IG26: =(IE26-IF26)^2 -> 0.036624413 | IH26: =EXP($FQ26/$JG$4)*IE26 -> 0 | II26: =EXP($FQ26/$JG$4)*(-1)^$FQ26*IE26 -> 0 | IJ26: =(-1)^ID26*IE26 -> 0 | IK26: 0.002966 | IM26: =$AM26 -> 15 | IN26: =GD26 -> 0 | IO26: =IO$6*(1+IO$5*(-1)^$FQ26)*EXP(-$FQ26/IO$4) -> 0.30265629 | IP26: =(IN26-IO26)^2 -> 0.091600828 | IQ26: =EXP($FQ26/$JG$4)*IN26 -> 0 | IR26: =EXP($FQ26/$JG$4)*(-1)^$FQ26*IN26 -> 0 | IS26: =(-1)^IM26*IN26 -> 0 | IT26: 0.017969 | IV26: =$AM26 -> 15 | IW26: =GH26 -> 0 | IX26: =IX$6*(1+IX$5*(-1)^$FQ26)*EXP(-$FQ26/IX$4) -> 0.51489681 | IY26: =(IW26-IX26)^2 -> 0.26511873 | IZ26: =EXP($FQ26/$JG$4)*IW26 -> 0 | JA26: =EXP($FQ26/$JG$4)*(-1)^$FQ26*IW26 -> 0 | JB26: =(-1)^IV26*IW26 -> 0 | JC26: 0.60897 | JE26: =$AM26 -> 15 | JF26: =GL26 -> 0 | JG26: =JG$6*(1+JG$5*(-1)^$FQ26)*EXP(-$FQ26/JG$4) -> 0.22922903 | JH26: =(JF26-JG26)^2 -> 0.052545949 | JI26: =EXP($FQ26/$JG$4)*JF26 -> 0 | JJ26: =EXP($FQ26/$JG$4)*(-1)^$FQ26*JF26 -> 0 | JK26: =(-1)^JE26*JF26 -> 0 | JL26: 0.514818 | JO26: =$AM26 -> 15 | JP26: =GM26 -> 0 | JQ26: =JQ$6*(1+JQ$5*(-1)^$FQ26)*EXP(-$FQ26/JQ$4) -> 0.82517134 | JR26: =(JP26-JQ26)^2 -> 0.68090775 | JS26: =EXP($FQ26/$JG$4)*JP26 -> 0 | JT26: =EXP($FQ26/$JG$4)*(-1)^$FQ26*JP26 -> 0 | JU26: =(-1)^JO26*JP26 -> 0
A27: 1 | B27: 1 | C27: =B27-A27 -> 0 | D27: 2 | E27: 2 | F27: =E27-D27 -> 0 | G27: 1 | H27: 1 | I27: =H27-G27 -> 0 | J27: 1 | K27: 1 | L27: =K27-J27 -> 0 | M27: 3 | N27: 3 | O27: =N27-M27 -> 0 | P27: 2 | Q27: 2 | R27: =Q27-P27 -> 0 | S27: 1 | T27: 1 | U27: =T27-S27 -> 0 | V27: 5 | W27: 6 | X27: =W27-V27 -> 1 | Y27: 6 | Z27: 16 | AA27: =Z27-Y27 -> 10 | AB27: 1 | AC27: 6 | AD27: =AC27-AB27 -> 5 | AE27: 30 | AF27: 40 | AG27: =AF27-AE27 -> 10 | AI27: BB | AJ27: =COUNTIFS(Q$2:Q$1000,2,P$2:P$1000,2) -> 34 | AM27: 16 | AN27: 0 | AO27: 0 | AP27: 0 | AQ27: 0 | AR27: 0 | AS27: 0 | AT27: 0 | AU27: 0 | AV27: 0 | AW27: 0 | AX27: 0 | AY27: 0 | AZ27: 0 | BA27: 0 | BB27: 0 | BC27: 0 | BD27: 0 | BE27: 0 | BF27: 0 | BG27: 1 | BH27: 1 | BI27: 0 | BJ27: 0 | BK27: 0 | BL27: 2 | BM27: 3 | BN27: 1 | BO27: 0 | BP27: 0 | BQ27: 0 | BR27: 1 | BS27: 8 | BT27: 5 | BW27: =$AM27 -> 16 | BX27: =MAX(BX26-AN27/AN$9*100,0) -> 0 | BY27: =MAX(BY26-AO27/AO$9*100,0) -> 0 | BZ27: =MAX(BZ26-AQ27/AQ$9*100,0) -> 0 | CA27: =MAX(CA26-AR27/AR$9*100,0) -> 0 | CB27: =CB$7*EXP(-$AM27/CB$8) -> 1.9762658e-07 | CC27: =(BZ27-CB27)^2 -> 3.9056267e-14 | CD27: =MAX(CD26-AT27/AT$9*100,0) -> 0 | CE27: =MAX(CE26-AU27/AU$9*100,0) -> 5.3290705e-15 | CF27: =CF$7*EXP(-$AM27/CF$8) -> 3.3443266e-07 | CG27: =(CD27-CF27)^2 -> 1.118452e-13 | CH27: =$AM27 -> 16 | CI27: =MAX(CI26-AW27/AW$9*100,0) -> 0 | CJ27: =MAX(CJ26-AX27/AX$9*100,0) -> 0 | CK27: =CK$7*EXP(-$AM27/CK$8) -> 0.00020480953 | CL27: =(CI27-CK27)^2 -> 4.1946944e-08 | CM27: =MAX(CM26-AZ27/AZ$9*100,0) -> 0 | CN27: =MAX(CN26-BA27/BA$9*100,0) -> 5.3290705e-15 | CO27: =CO$7*EXP(-$AM27/CO$8) -> 0.060691079 | CP27: =(CM27-CO27)^2 -> 0.003683407 | CQ27: =$AM27 -> 16 | CR27: =MAX(CR26-BC27/BC$9*100,0) -> 0 | CS27: =MAX(CS26-BD27/BD$9*100,0) -> 0 | CT27: =CT$7*EXP(-$AM27/CT$8) -> 0.00049646746 | CU27: =(CR27-CT27)^2 -> 2.4647994e-07 | CV27: =MAX(CV26-BF27/BF$9*100,0) -> 8.8817842e-15 | CW27: =MAX(CW26-BG27/BG$9*100,0) -> 1.5075377 | CX27: =CX$7*EXP(-$AM27/CX$8) -> 0.18126811 | CY27: =(CV27-CX27)^2 -> 0.032858129 | CZ27: =$AM27 -> 16 | DA27: =MAX(DA26-BI27/BI$9*100,0) -> 0 | DB27: =MAX(DB26-BJ27/BJ$9*100,0) -> 9.8809849e-15 | DC27: =DC$7*EXP(-$AM27/DC$8) -> 0.0013554005 | DD27: =(DA27-DC27)^2 -> 1.8371105e-06 | DE27: =MAX(DE26-BL27/BL$9*100,0) -> 2.5477707 | DF27: =MAX(DF26-BM27/BM$9*100,0) -> 14.649682 | DG27: =DG$7*EXP(-$AM27/DG$8) -> 2.2070345 | DH27: =(DE27-DG27)^2 -> 0.11610117 | DI27: =$AM27 -> 16 | DJ27: =MAX(DJ26-BO27/BO$9*100,0) -> 0 | DK27: =MAX(DK26-BP27/BP$9*100,0) -> 9.9920072e-15 | DL27: =DL$7*EXP(-$AM27/DL$8) -> 0.0081861169 | DM27: =(DJ27-DL27)^2 -> 6.7012509e-05 | DN27: =MAX(DN26-BR27/BR$9*100,0) -> 2.5125628 | DO27: =MAX(DO26-BS27/BS$9*100,0) -> 16.080402 | DP27: =DP$7*EXP(-$AM27/DP$8) -> 1.3118563 | DQ27: =(DN27-DP27)^2 -> 1.4416962 | DS27: =$AM27 -> 16 | DT27: =CA27 -> 0 | DU27: =DU$7*EXP(-DS27/DU$8) -> 1.1183231e-05 | DV27: =(DT27-DU27)^2 -> 1.2506465e-10 | DX27: =$AM27 -> 16 | DY27: =CM27 -> 0 | DZ27: =DZ$7*EXP(-DX27/DZ$8) -> 0.019719072 | EA27: =(DY27-DZ27)^2 -> 0.00038884178 | EC27: =$AM27 -> 16 | ED27: =CV27 -> 8.8817842e-15 | EE27: =EE$7*EXP(-EC27/EE$8) -> 0.13119474 | EF27: =(ED27-EE27)^2 -> 0.017212059 | EH27: =$AM27 -> 16 | EI27: =DE27 -> 2.5477707 | EJ27: =EJ$7*EXP(-EH27/EJ$8) -> 2.1978767 | EK27: =(EI27-EJ27)^2 -> 0.12242584 | EM27: =AM27 -> 16 | EN27: =DN27 -> 2.5125628 | EO27: =EO$7*EXP(-EM27/EO$8) -> 1.4976993 | EP27: =(EN27-EO27)^2 -> 1.029948 | ER27: =$AM27 -> 16 | ES27: =BZ27 -> 0 | ET27: =ET$7*EXP(-ER27/ET$8) -> 9.7763163e-07 | EU27: =(ES27-ET27)^2 -> 9.557636e-13 | EW27: =$AM27 -> 16 | EX27: =CI27 -> 0 | EY27: =EY$7*EXP(-EW27/EY$8) -> 5.6652509e-06 | EZ27: =(EX27-EY27)^2 -> 3.2095068e-11 | FB27: =$AM27 -> 16 | FC27: =CR27 -> 0 | FD27: =FD$7*EXP(-FB27/FD$8) -> 4.2914032e-05 | FE27: =(FC27-FD27)^2 -> 1.8416142e-09 | FG27: =$AM27 -> 16 | FH27: =DA27 -> 0 | FI27: =FI$7*EXP(-FG27/FI$8) -> 0.00033633804 | FJ27: =(FH27-FI27)^2 -> 1.1312328e-07 | FL27: =EM27 -> 16 | FM27: =DJ27 -> 0 | FN27: =FN$7*EXP(-FL27/FN$8) -> 0.0039625472 | FO27: =(FM27-FN27)^2 -> 1.570178e-05 | FQ27: =AM27 -> 16 | FR27: =AN27/AN$9*100 -> 0 | FS27: =AO27/AO$9*100 -> 0 | FT27: =AQ27/AQ$9*100 -> 0 | FU27: =AR27/AR$9*100 -> 0 | FV27: =AT27/AT$9*100 -> 0 | FW27: =AU27/AU$9*100 -> 0 | FX27: =AW27/AW$9*100 -> 0 | FY27: =AX27/AX$9*100 -> 0 | FZ27: =AZ27/AZ$9*100 -> 0 | GA27: =BA27/BA$9*100 -> 0 | GB27: =BC27/BC$9*100 -> 0 | GC27: =BD27/BD$9*100 -> 0 | GD27: =BF27/BF$9*100 -> 0 | GE27: =BG27/BG$9*100 -> 0.50251256 | GF27: =BI27/BI$9*100 -> 0 | GG27: =BJ27/BJ$9*100 -> 0 | GH27: =BL27/BL$9*100 -> 1.2738854 | GI27: =BM27/BM$9*100 -> 1.910828 | GJ27: =BO27/BO$9*100 -> 0 | GK27: =BP27/BP$9*100 -> 0 | GL27: =BR27/BR$9*100 -> 0.50251256 | GM27: =BS27/BS$9*100 -> 4.0201005 | GO27: =$AM27 -> 16 | GP27: =FT27 -> 0 | GQ27: =GQ$6*(1+GQ$5*(-1)^$FQ27)*EXP(-$FQ27/GQ$4) -> 0.0011168371 | GR27: =(GP27-GQ27)^2 -> 1.2473251e-06 | GS27: =EXP($FQ27/$JG$4)*GP27 -> 0 | GT27: =EXP($FQ27/$JG$4)*(-1)^$FQ27*GP27 -> 0 | GU27: =(-1)^GO27*GP27 -> 0 | GW27: =$AM27 -> 16 | GX27: =FX27 -> 0 | GY27: =GY$6*(1+GY$5*(-1)^$FQ27)*EXP(-$FQ27/GY$4) -> 0.0011168371 | GZ27: =(GX27-GY27)^2 -> 1.2473251e-06 | HA27: =EXP($FQ27/$JG$4)*GX27 -> 0 | HB27: =EXP($FQ27/$JG$4)*(-1)^$FQ27*GX27 -> 0 | HC27: =(-1)^GW27*GX27 -> 0 | HE27: =$AM27 -> 16 | HF27: =GB27 -> 0 | HG27: =HG$6*(1+HG$5*(-1)^$FQ27)*EXP(-$FQ27/HG$4) -> 0.0011168371 | HH27: =(HF27-HG27)^2 -> 1.2473251e-06 | HI27: =EXP($FQ27/$JG$4)*HF27 -> 0 | HJ27: =EXP($FQ27/$JG$4)*(-1)^$FQ27*HF27 -> 0 | HK27: =(-1)^HE27*HF27 -> 0 | HM27: =$AM27 -> 16 | HN27: =GF27 -> 0 | HO27: =HO$6*(1+HO$5*(-1)^$FQ27)*EXP(-$FQ27/HO$4) -> 0.011406249 | HP27: =(HN27-HO27)^2 -> 0.00013010252 | HQ27: =EXP($FQ27/$JG$4)*HN27 -> 0 | HR27: =EXP($FQ27/$JG$4)*(-1)^$FQ27*HN27 -> 0 | HS27: =(-1)^HM27*HN27 -> 0 | HU27: =$AM27 -> 16 | HV27: =GJ27 -> 0 | HW27: =HW$6*(1+HW$5*(-1)^$FQ27)*EXP(-$FQ27/HW$4) -> 0.078886091 | HX27: =(HV27-HW27)^2 -> 0.0062230153 | HY27: =EXP($FQ27/$JG$4)*HV27 -> 0 | HZ27: =EXP($FQ27/$JG$4)*(-1)^$FQ27*HV27 -> 0 | IA27: =(-1)^HU27*HV27 -> 0 | IB27: 0.000835 | ID27: =$AM27 -> 16 | IE27: =FZ27 -> 0 | IF27: =IF$6*(1+IF$5*(-1)^$FQ27)*EXP(-$FQ27/IF$4) -> 0.2661862 | IG27: =(IE27-IF27)^2 -> 0.070855091 | IH27: =EXP($FQ27/$JG$4)*IE27 -> 0 | II27: =EXP($FQ27/$JG$4)*(-1)^$FQ27*IE27 -> 0 | IJ27: =(-1)^ID27*IE27 -> 0 | IK27: 0.001059 | IM27: =$AM27 -> 16 | IN27: =GD27 -> 0 | IO27: =IO$6*(1+IO$5*(-1)^$FQ27)*EXP(-$FQ27/IO$4) -> 0.49459028 | IP27: =(IN27-IO27)^2 -> 0.24461955 | IQ27: =EXP($FQ27/$JG$4)*IN27 -> 0 | IR27: =EXP($FQ27/$JG$4)*(-1)^$FQ27*IN27 -> 0 | IS27: =(-1)^IM27*IN27 -> 0 | IT27: 0.013822 | IV27: =$AM27 -> 16 | IW27: =GH27 -> 1.2738854 | IX27: =IX$6*(1+IX$5*(-1)^$FQ27)*EXP(-$FQ27/IX$4) -> 1.6474616 | IY27: =(IW27-IX27)^2 -> 0.13955922 | IZ27: =EXP($FQ27/$JG$4)*IW27 -> 53.537873 | JA27: =EXP($FQ27/$JG$4)*(-1)^$FQ27*IW27 -> 53.537873 | JB27: =(-1)^IV27*IW27 -> 1.2738854 | JC27: 0.281615 | JE27: =$AM27 -> 16 | JF27: =GL27 -> 0.50251256 | JG27: =JG$6*(1+JG$5*(-1)^$FQ27)*EXP(-$FQ27/JG$4) -> 1.1880988 | JH27: =(JF27-JG27)^2 -> 0.47002847 | JI27: =EXP($FQ27/$JG$4)*JF27 -> 21.119211 | JJ27: =EXP($FQ27/$JG$4)*(-1)^$FQ27*JF27 -> 21.119211 | JK27: =(-1)^JE27*JF27 -> 0.50251256 | JL27: 0.153573 | JO27: =$AM27 -> 16 | JP27: =GM27 -> 4.0201005 | JQ27: =JQ$6*(1+JQ$5*(-1)^$FQ27)*EXP(-$FQ27/JQ$4) -> 3.9990781 | JR27: =(JP27-JQ27)^2 -> 0.00044194256 | JS27: =EXP($FQ27/$JG$4)*JP27 -> 168.95369 | JT27: =EXP($FQ27/$JG$4)*(-1)^$FQ27*JP27 -> 168.95369 | JU27: =(-1)^JO27*JP27 -> 4.0201005
A28: 2 | B28: 2 | C28: =B28-A28 -> 0 | D28: 1 | E28: 1 | F28: =E28-D28 -> 0 | G28: 1 | H28: 1 | I28: =H28-G28 -> 0 | J28: 4 | K28: 4 | L28: =K28-J28 -> 0 | M28: 6 | N28: 8 | O28: =N28-M28 -> 2 | P28: 2 | Q28: 2 | R28: =Q28-P28 -> 0 | S28: 4 | T28: 7 | U28: =T28-S28 -> 3 | V28: 4 | W28: 6 | X28: =W28-V28 -> 2 | Y28: 6 | Z28: 6 | AA28: =Z28-Y28 -> 0 | AB28: 1 | AC28: 3 | AD28: =AC28-AB28 -> 2 | AE28: 5 | AF28: 10 | AG28: =AF28-AE28 -> 5 | AI28: BS | AJ28: =COUNTIFS(Q$2:Q$1000,2,P$2:P$1000,1) -> 17 | AM28: 17 | AN28: 0 | AO28: 0 | AP28: 0 | AQ28: 0 | AR28: 0 | AS28: 0 | AT28: 0 | AU28: 0 | AV28: 0 | AW28: 0 | AX28: 0 | AY28: 0 | AZ28: 0 | BA28: 0 | BB28: 0 | BC28: 0 | BD28: 0 | BE28: 0 | BF28: 0 | BG28: 0 | BH28: 0 | BI28: 0 | BJ28: 0 | BK28: 0 | BL28: 0 | BM28: 0 | BN28: 0 | BO28: 0 | BP28: 0 | BQ28: 0 | BR28: 0 | BS28: 1 | BT28: 1 | BW28: =$AM28 -> 17 | BX28: =MAX(BX27-AN28/AN$9*100,0) -> 0 | BY28: =MAX(BY27-AO28/AO$9*100,0) -> 0 | BZ28: =MAX(BZ27-AQ28/AQ$9*100,0) -> 0 | CA28: =MAX(CA27-AR28/AR$9*100,0) -> 0 | CB28: =CB$7*EXP(-$AM28/CB$8) -> 5.392952e-08 | CC28: =(BZ28-CB28)^2 -> 2.9083931e-15 | CD28: =MAX(CD27-AT28/AT$9*100,0) -> 0 | CE28: =MAX(CE27-AU28/AU$9*100,0) -> 5.3290705e-15 | CF28: =CF$7*EXP(-$AM28/CF$8) -> 9.4312407e-08 | CG28: =(CD28-CF28)^2 -> 8.8948301e-15 | CH28: =$AM28 -> 17 | CI28: =MAX(CI27-AW28/AW$9*100,0) -> 0 | CJ28: =MAX(CJ27-AX28/AX$9*100,0) -> 0 | CK28: =CK$7*EXP(-$AM28/CK$8) -> 8.7128111e-05 | CL28: =(CI28-CK28)^2 -> 7.5913078e-09 | CM28: =MAX(CM27-AZ28/AZ$9*100,0) -> 0 | CN28: =MAX(CN27-BA28/BA$9*100,0) -> 5.3290705e-15 | CO28: =CO$7*EXP(-$AM28/CO$8) -> 0.037525755 | CP28: =(CM28-CO28)^2 -> 0.0014081823 | CQ28: =$AM28 -> 17 | CR28: =MAX(CR27-BC28/BC$9*100,0) -> 0 | CS28: =MAX(CS27-BD28/BD$9*100,0) -> 0 | CT28: =CT$7*EXP(-$AM28/CT$8) -> 0.00022590541 | CU28: =(CR28-CT28)^2 -> 5.1033254e-08 | CV28: =MAX(CV27-BF28/BF$9*100,0) -> 8.8817842e-15 | CW28: =MAX(CW27-BG28/BG$9*100,0) -> 1.5075377 | CX28: =CX$7*EXP(-$AM28/CX$8) -> 0.11991151 | CY28: =(CV28-CX28)^2 -> 0.014378771 | CZ28: =$AM28 -> 17 | DA28: =MAX(DA27-BI28/BI$9*100,0) -> 0 | DB28: =MAX(DB27-BJ28/BJ$9*100,0) -> 9.8809849e-15 | DC28: =DC$7*EXP(-$AM28/DC$8) -> 0.00065322736 | DD28: =(DA28-DC28)^2 -> 4.2670599e-07 | DE28: =MAX(DE27-BL28/BL$9*100,0) -> 2.5477707 | DF28: =MAX(DF27-BM28/BM$9*100,0) -> 14.649682 | DG28: =DG$7*EXP(-$AM28/DG$8) -> 1.7188402 | DH28: =(DE28-DG28)^2 -> 0.6871258 | DI28: =$AM28 -> 17 | DJ28: =MAX(DJ27-BO28/BO$9*100,0) -> 0 | DK28: =MAX(DK27-BP28/BP$9*100,0) -> 9.9920072e-15 | DL28: =DL$7*EXP(-$AM28/DL$8) -> 0.0044324067 | DM28: =(DJ28-DL28)^2 -> 1.964623e-05 | DN28: =MAX(DN27-BR28/BR$9*100,0) -> 2.5125628 | DO28: =MAX(DO27-BS28/BS$9*100,0) -> 15.577889 | DP28: =DP$7*EXP(-$AM28/DP$8) -> 0.98822687 | DQ28: =(DN28-DP28)^2 -> 2.3236001 | DS28: =$AM28 -> 17 | DT28: =CA28 -> 0 | DU28: =DU$7*EXP(-DS28/DU$8) -> 3.9887885e-06 | DV28: =(DT28-DU28)^2 -> 1.5910434e-11 | DX28: =$AM28 -> 17 | DY28: =CM28 -> 0 | DZ28: =DZ$7*EXP(-DX28/DZ$8) -> 0.011243481 | EA28: =(DY28-DZ28)^2 -> 0.00012641587 | EC28: =$AM28 -> 17 | ED28: =CV28 -> 8.8817842e-15 | EE28: =EE$7*EXP(-EC28/EE$8) -> 0.084775073 | EF28: =(ED28-EE28)^2 -> 0.007186813 | EH28: =$AM28 -> 17 | EI28: =DE28 -> 2.5477707 | EJ28: =EJ$7*EXP(-EH28/EJ$8) -> 1.7117081 | EK28: =(EI28-EJ28)^2 -> 0.69900072 | EM28: =AM28 -> 17 | EN28: =DN28 -> 2.5125628 | EO28: =EO$7*EXP(-EM28/EO$8) -> 1.13878 | EP28: =(EN28-EO28)^2 -> 1.8872793 | ER28: =$AM28 -> 17 | ES28: =BZ28 -> 0 | ET28: =ET$7*EXP(-ER28/ET$8) -> 2.9727474e-07 | EU28: =(ES28-ET28)^2 -> 8.8372269e-14 | EW28: =$AM28 -> 17 | EX28: =CI28 -> 0 | EY28: =EY$7*EXP(-EW28/EY$8) -> 1.8878717e-06 | EZ28: =(EX28-EY28)^2 -> 3.5640594e-12 | FB28: =$AM28 -> 17 | FC28: =CR28 -> 0 | FD28: =FD$7*EXP(-FB28/FD$8) -> 1.6557148e-05 | FE28: =(FC28-FD28)^2 -> 2.7413915e-10 | FG28: =$AM28 -> 17 | FH28: =DA28 -> 0 | FI28: =FI$7*EXP(-FG28/FI$8) -> 0.00014718208 | FJ28: =(FH28-FI28)^2 -> 2.1662564e-08 | FL28: =EM28 -> 17 | FM28: =DJ28 -> 0 | FN28: =FN$7*EXP(-FL28/FN$8) -> 0.0020344396 | FO28: =(FM28-FN28)^2 -> 4.1389443e-06 | FQ28: =AM28 -> 17 | FR28: =AN28/AN$9*100 -> 0 | FS28: =AO28/AO$9*100 -> 0 | FT28: =AQ28/AQ$9*100 -> 0 | FU28: =AR28/AR$9*100 -> 0 | FV28: =AT28/AT$9*100 -> 0 | FW28: =AU28/AU$9*100 -> 0 | FX28: =AW28/AW$9*100 -> 0 | FY28: =AX28/AX$9*100 -> 0 | FZ28: =AZ28/AZ$9*100 -> 0 | GA28: =BA28/BA$9*100 -> 0 | GB28: =BC28/BC$9*100 -> 0 | GC28: =BD28/BD$9*100 -> 0 | GD28: =BF28/BF$9*100 -> 0 | GE28: =BG28/BG$9*100 -> 0 | GF28: =BI28/BI$9*100 -> 0 | GG28: =BJ28/BJ$9*100 -> 0 | GH28: =BL28/BL$9*100 -> 0 | GI28: =BM28/BM$9*100 -> 0 | GJ28: =BO28/BO$9*100 -> 0 | GK28: =BP28/BP$9*100 -> 0 | GL28: =BR28/BR$9*100 -> 0 | GM28: =BS28/BS$9*100 -> 0.50251256 | GO28: =$AM28 -> 17 | GP28: =FT28 -> 0 | GQ28: =GQ$6*(1+GQ$5*(-1)^$FQ28)*EXP(-$FQ28/GQ$4) -> 0.00017921022 | GR28: =(GP28-GQ28)^2 -> 3.2116303e-08 | GS28: =EXP($FQ28/$JG$4)*GP28 -> 0 | GT28: =EXP($FQ28/$JG$4)*(-1)^$FQ28*GP28 -> 0 | GU28: =(-1)^GO28*GP28 -> 0 | GW28: =$AM28 -> 17 | GX28: =FX28 -> 0 | GY28: =GY$6*(1+GY$5*(-1)^$FQ28)*EXP(-$FQ28/GY$4) -> 0.00017921022 | GZ28: =(GX28-GY28)^2 -> 3.2116303e-08 | HA28: =EXP($FQ28/$JG$4)*GX28 -> 0 | HB28: =EXP($FQ28/$JG$4)*(-1)^$FQ28*GX28 -> 0 | HC28: =(-1)^GW28*GX28 -> 0 | HE28: =$AM28 -> 17 | HF28: =GB28 -> 0 | HG28: =HG$6*(1+HG$5*(-1)^$FQ28)*EXP(-$FQ28/HG$4) -> 0.00017921022 | HH28: =(HF28-HG28)^2 -> 3.2116303e-08 | HI28: =EXP($FQ28/$JG$4)*HF28 -> 0 | HJ28: =EXP($FQ28/$JG$4)*(-1)^$FQ28*HF28 -> 0 | HK28: =(-1)^HE28*HF28 -> 0 | HM28: =$AM28 -> 17 | HN28: =GF28 -> 0 | HO28: =HO$6*(1+HO$5*(-1)^$FQ28)*EXP(-$FQ28/HO$4) -> 0.0013757671 | HP28: =(HN28-HO28)^2 -> 1.8927352e-06 | HQ28: =EXP($FQ28/$JG$4)*HN28 -> 0 | HR28: =EXP($FQ28/$JG$4)*(-1)^$FQ28*HN28 -> 0 | HS28: =(-1)^HM28*HN28 -> 0 | HU28: =$AM28 -> 17 | HV28: =GJ28 -> 0 | HW28: =HW$6*(1+HW$5*(-1)^$FQ28)*EXP(-$FQ28/HW$4) -> 0.01689326 | HX28: =(HV28-HW28)^2 -> 0.00028538225 | HY28: =EXP($FQ28/$JG$4)*HV28 -> 0 | HZ28: =EXP($FQ28/$JG$4)*(-1)^$FQ28*HV28 -> 0 | IA28: =(-1)^HU28*HV28 -> 0 | IB28: 0.000139 | ID28: =$AM28 -> 17 | IE28: =FZ28 -> 0 | IF28: =IF$6*(1+IF$5*(-1)^$FQ28)*EXP(-$FQ28/IF$4) -> 0.098255232 | IG28: =(IE28-IF28)^2 -> 0.0096540906 | IH28: =EXP($FQ28/$JG$4)*IE28 -> 0 | II28: =EXP($FQ28/$JG$4)*(-1)^$FQ28*IE28 -> 0 | IJ28: =(-1)^ID28*IE28 -> 0 | IK28: 0.001271 | IM28: =$AM28 -> 17 | IN28: =GD28 -> 0 | IO28: =IO$6*(1+IO$5*(-1)^$FQ28)*EXP(-$FQ28/IO$4) -> 0.17091549 | IP28: =(IN28-IO28)^2 -> 0.029212105 | IQ28: =EXP($FQ28/$JG$4)*IN28 -> 0 | IR28: =EXP($FQ28/$JG$4)*(-1)^$FQ28*IN28 -> 0 | IS28: =(-1)^IM28*IN28 -> 0 | IT28: 0.004607 | IV28: =$AM28 -> 17 | IW28: =GH28 -> 0 | IX28: =IX$6*(1+IX$5*(-1)^$FQ28)*EXP(-$FQ28/IX$4) -> 0.35049664 | IY28: =(IW28-IX28)^2 -> 0.1228479 | IZ28: =EXP($FQ28/$JG$4)*IW28 -> 0 | JA28: =EXP($FQ28/$JG$4)*(-1)^$FQ28*IW28 -> 0 | JB28: =(-1)^IV28*IW28 -> 0 | JC28: 0.287594 | JE28: =$AM28 -> 17 | JF28: =GL28 -> 0 | JG28: =JG$6*(1+JG$5*(-1)^$FQ28)*EXP(-$FQ28/JG$4) -> 0.14365749 | JH28: =(JF28-JG28)^2 -> 0.020637474 | JI28: =EXP($FQ28/$JG$4)*JF28 -> 0 | JJ28: =EXP($FQ28/$JG$4)*(-1)^$FQ28*JF28 -> 0 | JK28: =(-1)^JE28*JF28 -> 0 | JL28: 0.248101 | JO28: =$AM28 -> 17 | JP28: =GM28 -> 0.50251256 | JQ28: =JQ$6*(1+JQ$5*(-1)^$FQ28)*EXP(-$FQ28/JQ$4) -> 0.70316464 | JR28: =(JP28-JQ28)^2 -> 0.040261254 | JS28: =EXP($FQ28/$JG$4)*JP28 -> 26.677699 | JT28: =EXP($FQ28/$JG$4)*(-1)^$FQ28*JP28 -> -26.677699 | JU28: =(-1)^JO28*JP28 -> -0.50251256
A29: 1 | B29: 1 | C29: =B29-A29 -> 0 | D29: 1 | E29: 1 | F29: =E29-D29 -> 0 | G29: 1 | H29: 1 | I29: =H29-G29 -> 0 | J29: 2 | K29: 2 | L29: =K29-J29 -> 0 | M29: 4 | N29: 4 | O29: =N29-M29 -> 0 | P29: 1 | Q29: 1 | R29: =Q29-P29 -> 0 | S29: 3 | T29: 4 | U29: =T29-S29 -> 1 | V29: 4 | W29: 4 | X29: =W29-V29 -> 0 | Y29: 2 | Z29: 3 | AA29: =Z29-Y29 -> 1 | AB29: 2 | AC29: 6 | AD29: =AC29-AB29 -> 4 | AE29: 8 | AF29: 22 | AG29: =AF29-AE29 -> 14 | AI29: SS | AJ29: =COUNTIFS(Q$2:Q$1000,2,P$2:P$1000,0) -> 0 | AM29: 18 | AN29: 0 | AO29: 0 | AP29: 0 | AQ29: 0 | AR29: 0 | AS29: 0 | AT29: 0 | AU29: 0 | AV29: 0 | AW29: 0 | AX29: 0 | AY29: 0 | AZ29: 0 | BA29: 0 | BB29: 0 | BC29: 0 | BD29: 0 | BE29: 0 | BF29: 0 | BG29: 0 | BH29: 0 | BI29: 0 | BJ29: 0 | BK29: 0 | BL29: 1 | BM29: 3 | BN29: 1 | BO29: 0 | BP29: 0 | BQ29: 0 | BR29: 0 | BS29: 4 | BT29: 4 | BW29: =$AM29 -> 18 | BX29: =MAX(BX28-AN29/AN$9*100,0) -> 0 | BY29: =MAX(BY28-AO29/AO$9*100,0) -> 0 | BZ29: =MAX(BZ28-AQ29/AQ$9*100,0) -> 0 | CA29: =MAX(CA28-AR29/AR$9*100,0) -> 0 | CB29: =CB$7*EXP(-$AM29/CB$8) -> 1.4716609e-08 | CC29: =(BZ29-CB29)^2 -> 2.1657858e-16 | CD29: =MAX(CD28-AT29/AT$9*100,0) -> 0 | CE29: =MAX(CE28-AU29/AU$9*100,0) -> 5.3290705e-15 | CF29: =CF$7*EXP(-$AM29/CF$8) -> 2.6596775e-08 | CG29: =(CD29-CF29)^2 -> 7.0738843e-16 | CH29: =$AM29 -> 18 | CI29: =MAX(CI28-AW29/AW$9*100,0) -> 0 | CJ29: =MAX(CJ28-AX29/AX$9*100,0) -> 0 | CK29: =CK$7*EXP(-$AM29/CK$8) -> 3.7065207e-05 | CL29: =(CI29-CK29)^2 -> 1.3738296e-09 | CM29: =MAX(CM28-AZ29/AZ$9*100,0) -> 0 | CN29: =MAX(CN28-BA29/BA$9*100,0) -> 5.3290705e-15 | CO29: =CO$7*EXP(-$AM29/CO$8) -> 0.023202459 | CP29: =(CM29-CO29)^2 -> 0.00053835409 | CQ29: =$AM29 -> 18 | CR29: =MAX(CR28-BC29/BC$9*100,0) -> 0 | CS29: =MAX(CS28-BD29/BD$9*100,0) -> 0 | CT29: =CT$7*EXP(-$AM29/CT$8) -> 0.00010279275 | CU29: =(CR29-CT29)^2 -> 1.0566349e-08 | CV29: =MAX(CV28-BF29/BF$9*100,0) -> 8.8817842e-15 | CW29: =MAX(CW28-BG29/BG$9*100,0) -> 1.5075377 | CX29: =CX$7*EXP(-$AM29/CX$8) -> 0.079323224 | CY29: =(CV29-CX29)^2 -> 0.0062921739 | CZ29: =$AM29 -> 18 | DA29: =MAX(DA28-BI29/BI$9*100,0) -> 0 | DB29: =MAX(DB28-BJ29/BJ$9*100,0) -> 9.8809849e-15 | DC29: =DC$7*EXP(-$AM29/DC$8) -> 0.00031481912 | DD29: =(DA29-DC29)^2 -> 9.9111076e-08 | DE29: =MAX(DE28-BL29/BL$9*100,0) -> 1.910828 | DF29: =MAX(DF28-BM29/BM$9*100,0) -> 12.738854 | DG29: =DG$7*EXP(-$AM29/DG$8) -> 1.3386341 | DH29: =(DE29-DG29)^2 -> 0.32740591 | DI29: =$AM29 -> 18 | DJ29: =MAX(DJ28-BO29/BO$9*100,0) -> 0 | DK29: =MAX(DK28-BP29/BP$9*100,0) -> 9.9920072e-15 | DL29: =DL$7*EXP(-$AM29/DL$8) -> 0.0023999449 | DM29: =(DJ29-DL29)^2 -> 5.7597356e-06 | DN29: =MAX(DN28-BR29/BR$9*100,0) -> 2.5125628 | DO29: =MAX(DO28-BS29/BS$9*100,0) -> 13.567839 | DP29: =DP$7*EXP(-$AM29/DP$8) -> 0.74443548 | DQ29: =(DN29-DP29)^2 -> 3.1262743 | DS29: =$AM29 -> 18 | DT29: =CA29 -> 0 | DU29: =DU$7*EXP(-DS29/DU$8) -> 1.4227046e-06 | DV29: =(DT29-DU29)^2 -> 2.0240885e-12 | DX29: =$AM29 -> 18 | DY29: =CM29 -> 0 | DZ29: =DZ$7*EXP(-DX29/DZ$8) -> 0.0064108429 | EA29: =(DY29-DZ29)^2 -> 4.1098907e-05 | EC29: =$AM29 -> 18 | ED29: =CV29 -> 8.8817842e-15 | EE29: =EE$7*EXP(-EC29/EE$8) -> 0.054779735 | EF29: =(ED29-EE29)^2 -> 0.0030008194 | EH29: =$AM29 -> 18 | EI29: =DE29 -> 1.910828 | EJ29: =EJ$7*EXP(-EH29/EJ$8) -> 1.3330796 | EK29: =(EI29-EJ29)^2 -> 0.33379326 | EM29: =AM29 -> 18 | EN29: =DN29 -> 2.5125628 | EO29: =EO$7*EXP(-EM29/EO$8) -> 0.86587467 | EP29: =(EN29-EO29)^2 -> 2.7115819 | ER29: =$AM29 -> 18 | ES29: =BZ29 -> 0 | ET29: =ET$7*EXP(-ER29/ET$8) -> 9.0394241e-08 | EU29: =(ES29-ET29)^2 -> 8.1711188e-15 | EW29: =$AM29 -> 18 | EX29: =CI29 -> 0 | EY29: =EY$7*EXP(-EW29/EY$8) -> 6.2910883e-07 | EZ29: =(EX29-EY29)^2 -> 3.9577792e-13 | FB29: =$AM29 -> 18 | FC29: =CR29 -> 0 | FD29: =FD$7*EXP(-FB29/FD$8) -> 6.3881005e-06 | FE29: =(FC29-FD29)^2 -> 4.0807828e-11 | FG29: =$AM29 -> 18 | FH29: =DA29 -> 0 | FI29: =FI$7*EXP(-FG29/FI$8) -> 6.4407119e-05 | FJ29: =(FH29-FI29)^2 -> 4.148277e-09 | FL29: =EM29 -> 18 | FM29: =DJ29 -> 0 | FN29: =FN$7*EXP(-FL29/FN$8) -> 0.0010445161 | FO29: =(FM29-FN29)^2 -> 1.0910139e-06 | FQ29: =AM29 -> 18 | FR29: =AN29/AN$9*100 -> 0 | FS29: =AO29/AO$9*100 -> 0 | FT29: =AQ29/AQ$9*100 -> 0 | FU29: =AR29/AR$9*100 -> 0 | FV29: =AT29/AT$9*100 -> 0 | FW29: =AU29/AU$9*100 -> 0 | FX29: =AW29/AW$9*100 -> 0 | FY29: =AX29/AX$9*100 -> 0 | FZ29: =AZ29/AZ$9*100 -> 0 | GA29: =BA29/BA$9*100 -> 0 | GB29: =BC29/BC$9*100 -> 0 | GC29: =BD29/BD$9*100 -> 0 | GD29: =BF29/BF$9*100 -> 0 | GE29: =BG29/BG$9*100 -> 0 | GF29: =BI29/BI$9*100 -> 0 | GG29: =BJ29/BJ$9*100 -> 0 | GH29: =BL29/BL$9*100 -> 0.63694268 | GI29: =BM29/BM$9*100 -> 1.910828 | GJ29: =BO29/BO$9*100 -> 0 | GK29: =BP29/BP$9*100 -> 0 | GL29: =BR29/BR$9*100 -> 0 | GM29: =BS29/BS$9*100 -> 2.0100503 | GO29: =$AM29 -> 18 | GP29: =FT29 -> 0 | GQ29: =GQ$6*(1+GQ$5*(-1)^$FQ29)*EXP(-$FQ29/GQ$4) -> 0.00024545275 | GR29: =(GP29-GQ29)^2 -> 6.024705e-08 | GS29: =EXP($FQ29/$JG$4)*GP29 -> 0 | GT29: =EXP($FQ29/$JG$4)*(-1)^$FQ29*GP29 -> 0 | GU29: =(-1)^GO29*GP29 -> 0 | GW29: =$AM29 -> 18 | GX29: =FX29 -> 0 | GY29: =GY$6*(1+GY$5*(-1)^$FQ29)*EXP(-$FQ29/GY$4) -> 0.00024545275 | GZ29: =(GX29-GY29)^2 -> 6.024705e-08 | HA29: =EXP($FQ29/$JG$4)*GX29 -> 0 | HB29: =EXP($FQ29/$JG$4)*(-1)^$FQ29*GX29 -> 0 | HC29: =(-1)^GW29*GX29 -> 0 | HE29: =$AM29 -> 18 | HF29: =GB29 -> 0 | HG29: =HG$6*(1+HG$5*(-1)^$FQ29)*EXP(-$FQ29/HG$4) -> 0.00024545275 | HH29: =(HF29-HG29)^2 -> 6.024705e-08 | HI29: =EXP($FQ29/$JG$4)*HF29 -> 0 | HJ29: =EXP($FQ29/$JG$4)*(-1)^$FQ29*HF29 -> 0 | HK29: =(-1)^HE29*HF29 -> 0 | HM29: =$AM29 -> 18 | HN29: =GF29 -> 0 | HO29: =HO$6*(1+HO$5*(-1)^$FQ29)*EXP(-$FQ29/HO$4) -> 0.0034437348 | HP29: =(HN29-HO29)^2 -> 1.1859309e-05 | HQ29: =EXP($FQ29/$JG$4)*HN29 -> 0 | HR29: =EXP($FQ29/$JG$4)*(-1)^$FQ29*HN29 -> 0 | HS29: =(-1)^HM29*HN29 -> 0 | HU29: =$AM29 -> 18 | HV29: =GJ29 -> 0 | HW29: =HW$6*(1+HW$5*(-1)^$FQ29)*EXP(-$FQ29/HW$4) -> 0.032558848 | HX29: =(HV29-HW29)^2 -> 0.0010600786 | HY29: =EXP($FQ29/$JG$4)*HV29 -> 0 | HZ29: =EXP($FQ29/$JG$4)*(-1)^$FQ29*HV29 -> 0 | IA29: =(-1)^HU29*HV29 -> 0 | IB29: 0 | ID29: =$AM29 -> 18 | IE29: =FZ29 -> 0 | IF29: =IF$6*(1+IF$5*(-1)^$FQ29)*EXP(-$FQ29/IF$4) -> 0.13666455 | IG29: =(IE29-IF29)^2 -> 0.018677199 | IH29: =EXP($FQ29/$JG$4)*IE29 -> 0 | II29: =EXP($FQ29/$JG$4)*(-1)^$FQ29*IE29 -> 0 | IJ29: =(-1)^ID29*IE29 -> 0 | IK29: 0.001059 | IM29: =$AM29 -> 18 | IN29: =GD29 -> 0 | IO29: =IO$6*(1+IO$5*(-1)^$FQ29)*EXP(-$FQ29/IO$4) -> 0.2793041 | IP29: =(IN29-IO29)^2 -> 0.078010778 | IQ29: =EXP($FQ29/$JG$4)*IN29 -> 0 | IR29: =EXP($FQ29/$JG$4)*(-1)^$FQ29*IN29 -> 0 | IS29: =(-1)^IM29*IN29 -> 0 | IT29: 0.001152 | IV29: =$AM29 -> 18 | IW29: =GH29 -> 0.63694268 | IX29: =IX$6*(1+IX$5*(-1)^$FQ29)*EXP(-$FQ29/IX$4) -> 1.1214475 | IY29: =(IW29-IX29)^2 -> 0.23474496 | IZ29: =EXP($FQ29/$JG$4)*IW29 -> 42.714219 | JA29: =EXP($FQ29/$JG$4)*(-1)^$FQ29*IW29 -> 42.714219 | JB29: =(-1)^IV29*IW29 -> 0.63694268 | JC29: 0.136024 | JE29: =$AM29 -> 18 | JF29: =GL29 -> 0 | JG29: =JG$6*(1+JG$5*(-1)^$FQ29)*EXP(-$FQ29/JG$4) -> 0.74457972 | JH29: =(JF29-JG29)^2 -> 0.55439897 | JI29: =EXP($FQ29/$JG$4)*JF29 -> 0 | JJ29: =EXP($FQ29/$JG$4)*(-1)^$FQ29*JF29 -> 0 | JK29: =(-1)^JE29*JF29 -> 0 | JL29: 0.082022 | JO29: =$AM29 -> 18 | JP29: =GM29 -> 2.0100503 | JQ29: =JQ$6*(1+JQ$5*(-1)^$FQ29)*EXP(-$FQ29/JQ$4) -> 3.4077895 | JR29: =(JP29-JQ29)^2 -> 1.9536751 | JS29: =EXP($FQ29/$JG$4)*JP29 -> 134.79663 | JT29: =EXP($FQ29/$JG$4)*(-1)^$FQ29*JP29 -> 134.79663 | JU29: =(-1)^JO29*JP29 -> 2.0100503
A30: 2 | B30: 2 | C30: =B30-A30 -> 0 | D30: 1 | E30: 1 | F30: =E30-D30 -> 0 | G30: 2 | H30: 2 | I30: =H30-G30 -> 0 | J30: 3 | K30: 3 | L30: =K30-J30 -> 0 | M30: 5 | N30: 7 | O30: =N30-M30 -> 2 | P30: 1 | Q30: 1 | R30: =Q30-P30 -> 0 | S30: 5 | T30: 5 | U30: =T30-S30 -> 0 | V30: 4 | W30: 8 | X30: =W30-V30 -> 4 | Y30: 1 | Z30: 1 | AA30: =Z30-Y30 -> 0 | AB30: 1 | AC30: 3 | AD30: =AC30-AB30 -> 2 | AE30: 12 | AF30: 16 | AG30: =AF30-AE30 -> 4 | AM30: 19 | AN30: 0 | AO30: 0 | AP30: 0 | AQ30: 0 | AR30: 0 | AS30: 0 | AT30: 0 | AU30: 0 | AV30: 0 | AW30: 0 | AX30: 0 | AY30: 0 | AZ30: 0 | BA30: 0 | BB30: 0 | BC30: 0 | BD30: 0 | BE30: 0 | BF30: 0 | BG30: 0 | BH30: 0 | BI30: 0 | BJ30: 0 | BK30: 0 | BL30: 0 | BM30: 1 | BN30: 0 | BO30: 0 | BP30: 0 | BQ30: 0 | BR30: 0 | BS30: 4 | BT30: 0 | BW30: =$AM30 -> 19 | BX30: =MAX(BX29-AN30/AN$9*100,0) -> 0 | BY30: =MAX(BY29-AO30/AO$9*100,0) -> 0 | BZ30: =MAX(BZ29-AQ30/AQ$9*100,0) -> 0 | CA30: =MAX(CA29-AR30/AR$9*100,0) -> 0 | CB30: =CB$7*EXP(-$AM30/CB$8) -> 4.0159559e-09 | CC30: =(BZ30-CB30)^2 -> 1.6127902e-17 | CD30: =MAX(CD29-AT30/AT$9*100,0) -> 0 | CE30: =MAX(CE29-AU30/AU$9*100,0) -> 5.3290705e-15 | CF30: =CF$7*EXP(-$AM30/CF$8) -> 7.5004812e-09 | CG30: =(CD30-CF30)^2 -> 5.6257218e-17 | CH30: =$AM30 -> 19 | CI30: =MAX(CI29-AW30/AW$9*100,0) -> 0 | CJ30: =MAX(CJ29-AX30/AX$9*100,0) -> 0 | CK30: =CK$7*EXP(-$AM30/CK$8) -> 1.5767926e-05 | CL30: =(CI30-CK30)^2 -> 2.4862749e-10 | CM30: =MAX(CM29-AZ30/AZ$9*100,0) -> 0 | CN30: =MAX(CN29-BA30/BA$9*100,0) -> 5.3290705e-15 | CO30: =CO$7*EXP(-$AM30/CO$8) -> 0.014346256 | CP30: =(CM30-CO30)^2 -> 0.00020581507 | CQ30: =$AM30 -> 19 | CR30: =MAX(CR29-BC30/BC$9*100,0) -> 0 | CS30: =MAX(CS29-BD30/BD$9*100,0) -> 0 | CT30: =CT$7*EXP(-$AM30/CT$8) -> 4.6773333e-05 | CU30: =(CR30-CT30)^2 -> 2.1877446e-09 | CV30: =MAX(CV29-BF30/BF$9*100,0) -> 8.8817842e-15 | CW30: =MAX(CW29-BG30/BG$9*100,0) -> 1.5075377 | CX30: =CX$7*EXP(-$AM30/CX$8) -> 0.052473475 | CY30: =(CV30-CX30)^2 -> 0.0027534656 | CZ30: =$AM30 -> 19 | DA30: =MAX(DA29-BI30/BI$9*100,0) -> 0 | DB30: =MAX(DB29-BJ30/BJ$9*100,0) -> 9.8809849e-15 | DC30: =DC$7*EXP(-$AM30/DC$8) -> 0.00015172524 | DD30: =(DA30-DC30)^2 -> 2.3020548e-08 | DE30: =MAX(DE29-BL30/BL$9*100,0) -> 1.910828 | DF30: =MAX(DF29-BM30/BM$9*100,0) -> 12.101911 | DG30: =DG$7*EXP(-$AM30/DG$8) -> 1.0425293 | DH30: =(DE30-DG30)^2 -> 0.75394273 | DI30: =$AM30 -> 19 | DJ30: =MAX(DJ29-BO30/BO$9*100,0) -> 0 | DK30: =MAX(DK29-BP30/BP$9*100,0) -> 9.9920072e-15 | DL30: =DL$7*EXP(-$AM30/DL$8) -> 0.0012994601 | DM30: =(DJ30-DL30)^2 -> 1.6885965e-06 | DN30: =MAX(DN29-BR30/BR$9*100,0) -> 2.5125628 | DO30: =MAX(DO29-BS30/BS$9*100,0) -> 11.557789 | DP30: =DP$7*EXP(-$AM30/DP$8) -> 0.56078639 | DQ30: =(DN30-DP30)^2 -> 3.8094312 | DS30: =$AM30 -> 19 | DT30: =CA30 -> 0 | DU30: =DU$7*EXP(-DS30/DU$8) -> 5.0744441e-07 | DV30: =(DT30-DU30)^2 -> 2.5749983e-13 | DX30: =$AM30 -> 19 | DY30: =CM30 -> 0 | DZ30: =DZ$7*EXP(-DX30/DZ$8) -> 0.0036553542 | EA30: =(DY30-DZ30)^2 -> 1.3361615e-05 | EC30: =$AM30 -> 19 | ED30: =CV30 -> 8.8817842e-15 | EE30: =EE$7*EXP(-EC30/EE$8) -> 0.035397426 | EF30: =(ED30-EE30)^2 -> 0.0012529778 | EH30: =$AM30 -> 19 | EI30: =DE30 -> 1.910828 | EJ30: =EJ$7*EXP(-EH30/EJ$8) -> 1.0382034 | EK30: =(EI30-EJ30)^2 -> 0.76147369 | EM30: =AM30 -> 19 | EN30: =DN30 -> 2.5125628 | EO30: =EO$7*EXP(-EM30/EO$8) -> 0.65837032 | EP30: =(EN30-EO30)^2 -> 3.4380298 | ER30: =$AM30 -> 19 | ES30: =BZ30 -> 0 | ET30: =ET$7*EXP(-ER30/ET$8) -> 2.7486758e-08 | EU30: =(ES30-ET30)^2 -> 7.5552188e-16 | EW30: =$AM30 -> 19 | EX30: =CI30 -> 0 | EY30: =EY$7*EXP(-EW30/EY$8) -> 2.0964239e-07 | EZ30: =(EX30-EY30)^2 -> 4.3949931e-14 | FB30: =$AM30 -> 19 | FC30: =CR30 -> 0 | FD30: =FD$7*EXP(-FB30/FD$8) -> 2.4646653e-06 | FE30: =(FC30-FD30)^2 -> 6.074575e-12 | FG30: =$AM30 -> 19 | FH30: =DA30 -> 0 | FI30: =FI$7*EXP(-FG30/FI$8) -> 2.8184661e-05 | FJ30: =(FH30-FI30)^2 -> 7.9437511e-10 | FL30: =EM30 -> 19 | FM30: =DJ30 -> 0 | FN30: =FN$7*EXP(-FL30/FN$8) -> 0.00053627245 | FO30: =(FM30-FN30)^2 -> 2.8758814e-07 | FQ30: =AM30 -> 19 | FR30: =AN30/AN$9*100 -> 0 | FS30: =AO30/AO$9*100 -> 0 | FT30: =AQ30/AQ$9*100 -> 0 | FU30: =AR30/AR$9*100 -> 0 | FV30: =AT30/AT$9*100 -> 0 | FW30: =AU30/AU$9*100 -> 0 | FX30: =AW30/AW$9*100 -> 0 | FY30: =AX30/AX$9*100 -> 0 | FZ30: =AZ30/AZ$9*100 -> 0 | GA30: =BA30/BA$9*100 -> 0 | GB30: =BC30/BC$9*100 -> 0 | GC30: =BD30/BD$9*100 -> 0 | GD30: =BF30/BF$9*100 -> 0 | GE30: =BG30/BG$9*100 -> 0 | GF30: =BI30/BI$9*100 -> 0 | GG30: =BJ30/BJ$9*100 -> 0 | GH30: =BL30/BL$9*100 -> 0 | GI30: =BM30/BM$9*100 -> 0.63694268 | GJ30: =BO30/BO$9*100 -> 0 | GK30: =BP30/BP$9*100 -> 0 | GL30: =BR30/BR$9*100 -> 0 | GM30: =BS30/BS$9*100 -> 2.0100503 | GO30: =$AM30 -> 19 | GP30: =FT30 -> 0 | GQ30: =GQ$6*(1+GQ$5*(-1)^$FQ30)*EXP(-$FQ30/GQ$4) -> 3.9385905e-05 | GR30: =(GP30-GQ30)^2 -> 1.5512495e-09 | GS30: =EXP($FQ30/$JG$4)*GP30 -> 0 | GT30: =EXP($FQ30/$JG$4)*(-1)^$FQ30*GP30 -> 0 | GU30: =(-1)^GO30*GP30 -> 0 | GW30: =$AM30 -> 19 | GX30: =FX30 -> 0 | GY30: =GY$6*(1+GY$5*(-1)^$FQ30)*EXP(-$FQ30/GY$4) -> 3.9385905e-05 | GZ30: =(GX30-GY30)^2 -> 1.5512495e-09 | HA30: =EXP($FQ30/$JG$4)*GX30 -> 0 | HB30: =EXP($FQ30/$JG$4)*(-1)^$FQ30*GX30 -> 0 | HC30: =(-1)^GW30*GX30 -> 0 | HE30: =$AM30 -> 19 | HF30: =GB30 -> 0 | HG30: =HG$6*(1+HG$5*(-1)^$FQ30)*EXP(-$FQ30/HG$4) -> 3.9385905e-05 | HH30: =(HF30-HG30)^2 -> 1.5512495e-09 | HI30: =EXP($FQ30/$JG$4)*HF30 -> 0 | HJ30: =EXP($FQ30/$JG$4)*(-1)^$FQ30*HF30 -> 0 | HK30: =(-1)^HE30*HF30 -> 0 | HM30: =$AM30 -> 19 | HN30: =GF30 -> 0 | HO30: =HO$6*(1+HO$5*(-1)^$FQ30)*EXP(-$FQ30/HO$4) -> 0.00041536679 | HP30: =(HN30-HO30)^2 -> 1.7252957e-07 | HQ30: =EXP($FQ30/$JG$4)*HN30 -> 0 | HR30: =EXP($FQ30/$JG$4)*(-1)^$FQ30*HN30 -> 0 | HS30: =(-1)^HM30*HN30 -> 0 | HU30: =$AM30 -> 19 | HV30: =GJ30 -> 0 | HW30: =HW$6*(1+HW$5*(-1)^$FQ30)*EXP(-$FQ30/HW$4) -> 0.0069723965 | HX30: =(HV30-HW30)^2 -> 4.8614314e-05 | HY30: =EXP($FQ30/$JG$4)*HV30 -> 0 | HZ30: =EXP($FQ30/$JG$4)*(-1)^$FQ30*HV30 -> 0 | IA30: =(-1)^HU30*HV30 -> 0 | IB30: 0.000139 | ID30: =$AM30 -> 19 | IE30: =FZ30 -> 0 | IF30: =IF$6*(1+IF$5*(-1)^$FQ30)*EXP(-$FQ30/IF$4) -> 0.050445918 | IG30: =(IE30-IF30)^2 -> 0.0025447906 | IH30: =EXP($FQ30/$JG$4)*IE30 -> 0 | II30: =EXP($FQ30/$JG$4)*(-1)^$FQ30*IE30 -> 0 | IJ30: =(-1)^ID30*IE30 -> 0 | IK30: 0 | IM30: =$AM30 -> 19 | IN30: =GD30 -> 0 | IO30: =IO$6*(1+IO$5*(-1)^$FQ30)*EXP(-$FQ30/IO$4) -> 0.096519074 | IP30: =(IN30-IO30)^2 -> 0.0093159317 | IQ30: =EXP($FQ30/$JG$4)*IN30 -> 0 | IR30: =EXP($FQ30/$JG$4)*(-1)^$FQ30*IN30 -> 0 | IS30: =(-1)^IM30*IN30 -> 0 | IT30: 0.001152 | IV30: =$AM30 -> 19 | IW30: =GH30 -> 0 | IX30: =IX$6*(1+IX$5*(-1)^$FQ30)*EXP(-$FQ30/IX$4) -> 0.23858741 | IY30: =(IW30-IX30)^2 -> 0.056923953 | IZ30: =EXP($FQ30/$JG$4)*IW30 -> 0 | JA30: =EXP($FQ30/$JG$4)*(-1)^$FQ30*IW30 -> 0 | JB30: =(-1)^IV30*IW30 -> 0 | JC30: 0.143498 | JE30: =$AM30 -> 19 | JF30: =GL30 -> 0 | JG30: =JG$6*(1+JG$5*(-1)^$FQ30)*EXP(-$FQ30/JG$4) -> 0.090029933 | JH30: =(JF30-JG30)^2 -> 0.0081053888 | JI30: =EXP($FQ30/$JG$4)*JF30 -> 0 | JJ30: =EXP($FQ30/$JG$4)*(-1)^$FQ30*JF30 -> 0 | JK30: =(-1)^JE30*JF30 -> 0 | JL30: 0.103545 | JO30: =$AM30 -> 19 | JP30: =GM30 -> 2.0100503 | JQ30: =JQ$6*(1+JQ$5*(-1)^$FQ30)*EXP(-$FQ30/JQ$4) -> 0.59919738 | JR30: =(JP30-JQ30)^2 -> 1.9905058 | JS30: =EXP($FQ30/$JG$4)*JP30 -> 170.27454 | JT30: =EXP($FQ30/$JG$4)*(-1)^$FQ30*JP30 -> -170.27454 | JU30: =(-1)^JO30*JP30 -> -2.0100503
A31: 2 | B31: 2 | C31: =B31-A31 -> 0 | D31: 2 | E31: 2 | F31: =E31-D31 -> 0 | G31: 2 | H31: 2 | I31: =H31-G31 -> 0 | J31: 4 | K31: 4 | L31: =K31-J31 -> 0 | M31: 3 | N31: 3 | O31: =N31-M31 -> 0 | P31: 3 | Q31: 3 | R31: =Q31-P31 -> 0 | S31: 3 | T31: 7 | U31: =T31-S31 -> 4 | V31: 1 | W31: 3 | X31: =W31-V31 -> 2 | Y31: 1 | Z31: 1 | AA31: =Z31-Y31 -> 0 | AB31: 1 | AC31: 5 | AD31: =AC31-AB31 -> 4 | AE31: 6 | AF31: 8 | AG31: =AF31-AE31 -> 2 | AI31: EXP D8 | AM31: 20 | AN31: 0 | AO31: 0 | AP31: 0 | AQ31: 0 | AR31: 0 | AS31: 0 | AT31: 0 | AU31: 0 | AV31: 0 | AW31: 0 | AX31: 0 | AY31: 0 | AZ31: 0 | BA31: 0 | BB31: 0 | BC31: 0 | BD31: 0 | BE31: 0 | BF31: 0 | BG31: 0 | BH31: 1 | BI31: 0 | BJ31: 0 | BK31: 0 | BL31: 2 | BM31: 7 | BN31: 0 | BO31: 0 | BP31: 0 | BQ31: 0 | BR31: 1 | BS31: 8 | BT31: 0 | BW31: =$AM31 -> 20 | BX31: =MAX(BX30-AN31/AN$9*100,0) -> 0 | BY31: =MAX(BY30-AO31/AO$9*100,0) -> 0 | BZ31: =MAX(BZ30-AQ31/AQ$9*100,0) -> 0 | CA31: =MAX(CA30-AR31/AR$9*100,0) -> 0 | CB31: =CB$7*EXP(-$AM31/CB$8) -> 1.095898e-09 | CC31: =(BZ31-CB31)^2 -> 1.2009924e-18 | CD31: =MAX(CD30-AT31/AT$9*100,0) -> 0 | CE31: =MAX(CE30-AU31/AU$9*100,0) -> 5.3290705e-15 | CF31: =CF$7*EXP(-$AM31/CF$8) -> 2.1151895e-09 | CG31: =(CD31-CF31)^2 -> 4.4740265e-18 | CH31: =$AM31 -> 20 | CI31: =MAX(CI30-AW31/AW$9*100,0) -> 0 | CJ31: =MAX(CJ30-AX31/AX$9*100,0) -> 0 | CK31: =CK$7*EXP(-$AM31/CK$8) -> 6.7078402e-06 | CL31: =(CI31-CK31)^2 -> 4.499512e-11 | CM31: =MAX(CM30-AZ31/AZ$9*100,0) -> 0 | CN31: =MAX(CN30-BA31/BA$9*100,0) -> 5.3290705e-15 | CO31: =CO$7*EXP(-$AM31/CO$8) -> 0.0088703991 | CP31: =(CM31-CO31)^2 -> 7.8683981e-05 | CQ31: =$AM31 -> 20 | CR31: =MAX(CR30-BC31/BC$9*100,0) -> 0 | CS31: =MAX(CS30-BD31/BD$9*100,0) -> 0 | CT31: =CT$7*EXP(-$AM31/CT$8) -> 2.1283064e-05 | CU31: =(CR31-CT31)^2 -> 4.5296882e-10 | CV31: =MAX(CV30-BF31/BF$9*100,0) -> 8.8817842e-15 | CW31: =MAX(CW30-BG31/BG$9*100,0) -> 1.5075377 | CX31: =CX$7*EXP(-$AM31/CX$8) -> 0.034711973 | CY31: =(CV31-CX31)^2 -> 0.0012049211 | CZ31: =$AM31 -> 20 | DA31: =MAX(DA30-BI31/BI$9*100,0) -> 0 | DB31: =MAX(DB30-BJ31/BJ$9*100,0) -> 9.8809849e-15 | DC31: =DC$7*EXP(-$AM31/DC$8) -> 7.3123093e-05 | DD31: =(DA31-DC31)^2 -> 5.3469867e-09 | DE31: =MAX(DE30-BL31/BL$9*100,0) -> 0.63694268 | DF31: =MAX(DF30-BM31/BM$9*100,0) -> 7.6433121 | DG31: =DG$7*EXP(-$AM31/DG$8) -> 0.81192261 | DH31: =(DE31-DG31)^2 -> 0.030617979 | DI31: =$AM31 -> 20 | DJ31: =MAX(DJ30-BO31/BO$9*100,0) -> 0 | DK31: =MAX(DK30-BP31/BP$9*100,0) -> 9.9920072e-15 | DL31: =DL$7*EXP(-$AM31/DL$8) -> 0.00070359802 | DM31: =(DJ31-DL31)^2 -> 4.9505018e-07 | DN31: =MAX(DN30-BR31/BR$9*100,0) -> 2.0100503 | DO31: =MAX(DO30-BS31/BS$9*100,0) -> 7.5376884 | DP31: =DP$7*EXP(-$AM31/DP$8) -> 0.42244275 | DQ31: =(DN31-DP31)^2 -> 2.5204976 | DS31: =$AM31 -> 20 | DT31: =CA31 -> 0 | DU31: =DU$7*EXP(-DS31/DU$8) -> 1.8099318e-07 | DV31: =(DT31-DU31)^2 -> 3.275853e-14 | DX31: =$AM31 -> 20 | DY31: =CM31 -> 0 | DZ31: =DZ$7*EXP(-DX31/DZ$8) -> 0.0020842212 | EA31: =(DY31-DZ31)^2 -> 4.343978e-06 | EC31: =$AM31 -> 20 | ED31: =CV31 -> 8.8817842e-15 | EE31: =EE$7*EXP(-EC31/EE$8) -> 0.022873016 | EF31: =(ED31-EE31)^2 -> 0.00052317487 | EH31: =$AM31 -> 20 | EI31: =DE31 -> 0.63694268 | EJ31: =EJ$7*EXP(-EH31/EJ$8) -> 0.80855364 | EK31: =(EI31-EJ31)^2 -> 0.029450323 | EM31: =AM31 -> 20 | EN31: =DN31 -> 2.0100503 | EO31: =EO$7*EXP(-EM31/EO$8) -> 0.50059379 | EP31: =(EN31-EO31)^2 -> 2.2784588 | ER31: =$AM31 -> 20 | ES31: =BZ31 -> 0 | ET31: =ET$7*EXP(-ER31/ET$8) -> 8.3580754e-09 | EU31: =(ES31-ET31)^2 -> 6.9857424e-17 | EW31: =$AM31 -> 20 | EX31: =CI31 -> 0 | EY31: =EY$7*EXP(-EW31/EY$8) -> 6.9860617e-08 | EZ31: =(EX31-EY31)^2 -> 4.8805058e-15 | FB31: =$AM31 -> 20 | FC31: =CR31 -> 0 | FD31: =FD$7*EXP(-FB31/FD$8) -> 9.5092038e-07 | FE31: =(FC31-FD31)^2 -> 9.0424957e-13 | FG31: =$AM31 -> 20 | FH31: =DA31 -> 0 | FI31: =FI$7*EXP(-FG31/FI$8) -> 1.2333654e-05 | FJ31: =(FH31-FI31)^2 -> 1.5211902e-10 | FL31: =EM31 -> 20 | FM31: =DJ31 -> 0 | FN31: =FN$7*EXP(-FL31/FN$8) -> 0.00027533145 | FO31: =(FM31-FN31)^2 -> 7.580741e-08 | FQ31: =AM31 -> 20 | FR31: =AN31/AN$9*100 -> 0 | FS31: =AO31/AO$9*100 -> 0 | FT31: =AQ31/AQ$9*100 -> 0 | FU31: =AR31/AR$9*100 -> 0 | FV31: =AT31/AT$9*100 -> 0 | FW31: =AU31/AU$9*100 -> 0 | FX31: =AW31/AW$9*100 -> 0 | FY31: =AX31/AX$9*100 -> 0 | FZ31: =AZ31/AZ$9*100 -> 0 | GA31: =BA31/BA$9*100 -> 0 | GB31: =BC31/BC$9*100 -> 0 | GC31: =BD31/BD$9*100 -> 0 | GD31: =BF31/BF$9*100 -> 0 | GE31: =BG31/BG$9*100 -> 0 | GF31: =BI31/BI$9*100 -> 0 | GG31: =BJ31/BJ$9*100 -> 0 | GH31: =BL31/BL$9*100 -> 1.2738854 | GI31: =BM31/BM$9*100 -> 4.4585987 | GJ31: =BO31/BO$9*100 -> 0 | GK31: =BP31/BP$9*100 -> 0 | GL31: =BR31/BR$9*100 -> 0.50251256 | GM31: =BS31/BS$9*100 -> 4.0201005 | GO31: =$AM31 -> 20 | GP31: =FT31 -> 0 | GQ31: =GQ$6*(1+GQ$5*(-1)^$FQ31)*EXP(-$FQ31/GQ$4) -> 5.3944349e-05 | GR31: =(GP31-GQ31)^2 -> 2.9099927e-09 | GS31: =EXP($FQ31/$JG$4)*GP31 -> 0 | GT31: =EXP($FQ31/$JG$4)*(-1)^$FQ31*GP31 -> 0 | GU31: =(-1)^GO31*GP31 -> 0 | GW31: =$AM31 -> 20 | GX31: =FX31 -> 0 | GY31: =GY$6*(1+GY$5*(-1)^$FQ31)*EXP(-$FQ31/GY$4) -> 5.3944349e-05 | GZ31: =(GX31-GY31)^2 -> 2.9099927e-09 | HA31: =EXP($FQ31/$JG$4)*GX31 -> 0 | HB31: =EXP($FQ31/$JG$4)*(-1)^$FQ31*GX31 -> 0 | HC31: =(-1)^GW31*GX31 -> 0 | HE31: =$AM31 -> 20 | HF31: =GB31 -> 0 | HG31: =HG$6*(1+HG$5*(-1)^$FQ31)*EXP(-$FQ31/HG$4) -> 5.3944349e-05 | HH31: =(HF31-HG31)^2 -> 2.9099927e-09 | HI31: =EXP($FQ31/$JG$4)*HF31 -> 0 | HJ31: =EXP($FQ31/$JG$4)*(-1)^$FQ31*HF31 -> 0 | HK31: =(-1)^HE31*HF31 -> 0 | HM31: =$AM31 -> 20 | HN31: =GF31 -> 0 | HO31: =HO$6*(1+HO$5*(-1)^$FQ31)*EXP(-$FQ31/HO$4) -> 0.0010397204 | HP31: =(HN31-HO31)^2 -> 1.0810184e-06 | HQ31: =EXP($FQ31/$JG$4)*HN31 -> 0 | HR31: =EXP($FQ31/$JG$4)*(-1)^$FQ31*HN31 -> 0 | HS31: =(-1)^HM31*HN31 -> 0 | HU31: =$AM31 -> 20 | HV31: =GJ31 -> 0 | HW31: =HW$6*(1+HW$5*(-1)^$FQ31)*EXP(-$FQ31/HW$4) -> 0.013438093 | HX31: =(HV31-HW31)^2 -> 0.00018058234 | HY31: =EXP($FQ31/$JG$4)*HV31 -> 0 | HZ31: =EXP($FQ31/$JG$4)*(-1)^$FQ31*HV31 -> 0 | IA31: =(-1)^HU31*HV31 -> 0 | IB31: 0 | ID31: =$AM31 -> 20 | IE31: =FZ31 -> 0 | IF31: =IF$6*(1+IF$5*(-1)^$FQ31)*EXP(-$FQ31/IF$4) -> 0.07016592 | IG31: =(IE31-IF31)^2 -> 0.0049232563 | IH31: =EXP($FQ31/$JG$4)*IE31 -> 0 | II31: =EXP($FQ31/$JG$4)*(-1)^$FQ31*IE31 -> 0 | IJ31: =(-1)^ID31*IE31 -> 0 | IK31: 0.000424 | IM31: =$AM31 -> 20 | IN31: =GD31 -> 0 | IO31: =IO$6*(1+IO$5*(-1)^$FQ31)*EXP(-$FQ31/IO$4) -> 0.15772808 | IP31: =(IN31-IO31)^2 -> 0.024878149 | IQ31: =EXP($FQ31/$JG$4)*IN31 -> 0 | IR31: =EXP($FQ31/$JG$4)*(-1)^$FQ31*IN31 -> 0 | IS31: =(-1)^IM31*IN31 -> 0 | IT31: 0.000921 | IV31: =$AM31 -> 20 | IW31: =GH31 -> 1.2738854 | IX31: =IX$6*(1+IX$5*(-1)^$FQ31)*EXP(-$FQ31/IX$4) -> 0.76338324 | IY31: =(IW31-IX31)^2 -> 0.2606124 | IZ31: =EXP($FQ31/$JG$4)*IW31 -> 136.31505 | JA31: =EXP($FQ31/$JG$4)*(-1)^$FQ31*IW31 -> 136.31505 | JB31: =(-1)^IV31*IW31 -> 1.2738854 | JC31: 0.064275 | JE31: =$AM31 -> 20 | JF31: =GL31 -> 0.50251256 | JG31: =JG$6*(1+JG$5*(-1)^$FQ31)*EXP(-$FQ31/JG$4) -> 0.46662699 | JH31: =(JF31-JG31)^2 -> 0.001287774 | JI31: =EXP($FQ31/$JG$4)*JF31 -> 53.77252 | JJ31: =EXP($FQ31/$JG$4)*(-1)^$FQ31*JF31 -> 53.77252 | JK31: =(-1)^JE31*JF31 -> 0.50251256 | JL31: 0.028504 | JO31: =$AM31 -> 20 | JP31: =GM31 -> 4.0201005 | JQ31: =JQ$6*(1+JQ$5*(-1)^$FQ31)*EXP(-$FQ31/JQ$4) -> 2.9039267 | JR31: =(JP31-JQ31)^2 -> 1.245844 | JS31: =EXP($FQ31/$JG$4)*JP31 -> 430.18016 | JT31: =EXP($FQ31/$JG$4)*(-1)^$FQ31*JP31 -> 430.18016 | JU31: =(-1)^JO31*JP31 -> 4.0201005
A32: 2 | B32: 2 | C32: =B32-A32 -> 0 | D32: 3 | E32: 3 | F32: =E32-D32 -> 0 | G32: 2 | H32: 2 | I32: =H32-G32 -> 0 | J32: 4 | K32: 4 | L32: =K32-J32 -> 0 | M32: 3 | N32: 3 | O32: =N32-M32 -> 0 | P32: 3 | Q32: 3 | R32: =Q32-P32 -> 0 | S32: 4 | T32: 4 | U32: =T32-S32 -> 0 | V32: 3 | W32: 6 | X32: =W32-V32 -> 3 | Y32: 7 | Z32: 10 | AA32: =Z32-Y32 -> 3 | AB32: 4 | AC32: 7 | AD32: =AC32-AB32 -> 3 | AE32: 4 | AF32: 4 | AG32: =AF32-AE32 -> 0 | AI32: BB | AJ32: =COUNTIFS(T$2:T$1000,2,S$2:S$1000,2) -> 24 | AM32: 21 | AN32: 0 | AO32: 0 | AP32: 0 | AQ32: 0 | AR32: 0 | AS32: 0 | AT32: 0 | AU32: 0 | AV32: 0 | AW32: 0 | AX32: 0 | AY32: 0 | AZ32: 0 | BA32: 0 | BB32: 0 | BC32: 0 | BD32: 0 | BE32: 0 | BF32: 0 | BG32: 1 | BH32: 0 | BI32: 0 | BJ32: 0 | BK32: 0 | BL32: 0 | BM32: 4 | BN32: 0 | BO32: 0 | BP32: 0 | BQ32: 0 | BR32: 0 | BS32: 1 | BT32: 0 | BW32: =$AM32 -> 21 | BX32: =MAX(BX31-AN32/AN$9*100,0) -> 0 | BY32: =MAX(BY31-AO32/AO$9*100,0) -> 0 | BZ32: =MAX(BZ31-AQ32/AQ$9*100,0) -> 0 | CA32: =MAX(CA31-AR32/AR$9*100,0) -> 0 | CB32: =CB$7*EXP(-$AM32/CB$8) -> 2.9905518e-10 | CC32: =(BZ32-CB32)^2 -> 8.9433999e-20 | CD32: =MAX(CD31-AT32/AT$9*100,0) -> 0 | CE32: =MAX(CE31-AU32/AU$9*100,0) -> 5.3290705e-15 | CF32: =CF$7*EXP(-$AM32/CF$8) -> 5.964986e-10 | CG32: =(CD32-CF32)^2 -> 3.5581057e-19 | CH32: =$AM32 -> 21 | CI32: =MAX(CI31-AW32/AW$9*100,0) -> 0 | CJ32: =MAX(CJ31-AX32/AX$9*100,0) -> 0 | CK32: =CK$7*EXP(-$AM32/CK$8) -> 2.8535852e-06 | CL32: =(CI32-CK32)^2 -> 8.1429483e-12 | CM32: =MAX(CM31-AZ32/AZ$9*100,0) -> 0 | CN32: =MAX(CN31-BA32/BA$9*100,0) -> 5.3290705e-15 | CO32: =CO$7*EXP(-$AM32/CO$8) -> 0.0054846351 | CP32: =(CM32-CO32)^2 -> 3.0081222e-05 | CQ32: =$AM32 -> 21 | CR32: =MAX(CR31-BC32/BC$9*100,0) -> 0 | CS32: =MAX(CS31-BD32/BD$9*100,0) -> 0 | CT32: =CT$7*EXP(-$AM32/CT$8) -> 9.6843393e-06 | CU32: =(CR32-CT32)^2 -> 9.3786427e-11 | CV32: =MAX(CV31-BF32/BF$9*100,0) -> 8.8817842e-15 | CW32: =MAX(CW31-BG32/BG$9*100,0) -> 1.0050251 | CX32: =CX$7*EXP(-$AM32/CX$8) -> 0.022962479 | CY32: =(CV32-CX32)^2 -> 0.00052727543 | CZ32: =$AM32 -> 21 | DA32: =MAX(DA31-BI32/BI$9*100,0) -> 0 | DB32: =MAX(DB31-BJ32/BJ$9*100,0) -> 9.8809849e-15 | DC32: =DC$7*EXP(-$AM32/DC$8) -> 3.5241248e-05 | DD32: =(DA32-DC32)^2 -> 1.2419456e-09 | DE32: =MAX(DE31-BL32/BL$9*100,0) -> 0.63694268 | DF32: =MAX(DF31-BM32/BM$9*100,0) -> 5.0955414 | DG32: =DG$7*EXP(-$AM32/DG$8) -> 0.63232597 | DH32: =(DE32-DG32)^2 -> 2.1313993e-05 | DI32: =$AM32 -> 21 | DJ32: =MAX(DJ31-BO32/BO$9*100,0) -> 0 | DK32: =MAX(DK31-BP32/BP$9*100,0) -> 9.9920072e-15 | DL32: =DL$7*EXP(-$AM32/DL$8) -> 0.00038096605 | DM32: =(DJ32-DL32)^2 -> 1.4513513e-07 | DN32: =MAX(DN31-BR32/BR$9*100,0) -> 2.0100503 | DO32: =MAX(DO31-BS32/BS$9*100,0) -> 7.0351759 | DP32: =DP$7*EXP(-$AM32/DP$8) -> 0.31822791 | DQ32: =(DN32-DP32)^2 -> 2.8622628 | DS32: =$AM32 -> 21 | DT32: =CA32 -> 0 | DU32: =DU$7*EXP(-DS32/DU$8) -> 6.4555899e-08 | DV32: =(DT32-DU32)^2 -> 4.1674641e-15 | DX32: =$AM32 -> 21 | DY32: =CM32 -> 0 | DZ32: =DZ$7*EXP(-DX32/DZ$8) -> 0.0011883877 | EA32: =(DY32-DZ32)^2 -> 1.4122653e-06 | EC32: =$AM32 -> 21 | ED32: =CV32 -> 8.8817842e-15 | EE32: =EE$7*EXP(-EC32/EE$8) -> 0.014780026 | EF32: =(ED32-EE32)^2 -> 0.00021844916 | EH32: =$AM32 -> 21 | EI32: =DE32 -> 0.63694268 | EJ32: =EJ$7*EXP(-EH32/EJ$8) -> 0.62970221 | EK32: =(EI32-EJ32)^2 -> 5.2424366e-05 | EM32: =AM32 -> 21 | EN32: =DN32 -> 2.0100503 | EO32: =EO$7*EXP(-EM32/EO$8) -> 0.38062794 | EP32: =(EN32-EO32)^2 -> 2.6550171 | ER32: =$AM32 -> 21 | ES32: =BZ32 -> 0 | ET32: =ET$7*EXP(-ER32/ET$8) -> 2.5414937e-09 | EU32: =(ES32-ET32)^2 -> 6.4591904e-18 | EW32: =$AM32 -> 21 | EX32: =CI32 -> 0 | EY32: =EY$7*EXP(-EW32/EY$8) -> 2.3280148e-08 | EZ32: =(EX32-EY32)^2 -> 5.4196528e-16 | FB32: =$AM32 -> 21 | FC32: =CR32 -> 0 | FD32: =FD$7*EXP(-FB32/FD$8) -> 3.6688534e-07 | FE32: =(FC32-FD32)^2 -> 1.3460486e-13 | FG32: =$AM32 -> 21 | FH32: =DA32 -> 0 | FI32: =FI$7*EXP(-FG32/FI$8) -> 5.3972271e-06 | FJ32: =(FH32-FI32)^2 -> 2.9130061e-11 | FL32: =EM32 -> 21 | FM32: =DJ32 -> 0 | FN32: =FN$7*EXP(-FL32/FN$8) -> 0.00014135988 | FO32: =(FM32-FN32)^2 -> 1.9982616e-08 | FQ32: =AM32 -> 21 | FR32: =AN32/AN$9*100 -> 0 | FS32: =AO32/AO$9*100 -> 0 | FT32: =AQ32/AQ$9*100 -> 0 | FU32: =AR32/AR$9*100 -> 0 | FV32: =AT32/AT$9*100 -> 0 | FW32: =AU32/AU$9*100 -> 0 | FX32: =AW32/AW$9*100 -> 0 | FY32: =AX32/AX$9*100 -> 0 | FZ32: =AZ32/AZ$9*100 -> 0 | GA32: =BA32/BA$9*100 -> 0 | GB32: =BC32/BC$9*100 -> 0 | GC32: =BD32/BD$9*100 -> 0 | GD32: =BF32/BF$9*100 -> 0 | GE32: =BG32/BG$9*100 -> 0.50251256 | GF32: =BI32/BI$9*100 -> 0 | GG32: =BJ32/BJ$9*100 -> 0 | GH32: =BL32/BL$9*100 -> 0 | GI32: =BM32/BM$9*100 -> 2.5477707 | GJ32: =BO32/BO$9*100 -> 0 | GK32: =BP32/BP$9*100 -> 0 | GL32: =BR32/BR$9*100 -> 0 | GM32: =BS32/BS$9*100 -> 0.50251256 | GO32: =$AM32 -> 21 | GP32: =FT32 -> 0 | GQ32: =GQ$6*(1+GQ$5*(-1)^$FQ32)*EXP(-$FQ32/GQ$4) -> 8.6560327e-06 | GR32: =(GP32-GQ32)^2 -> 7.4926902e-11 | GS32: =EXP($FQ32/$JG$4)*GP32 -> 0 | GT32: =EXP($FQ32/$JG$4)*(-1)^$FQ32*GP32 -> 0 | GU32: =(-1)^GO32*GP32 -> 0 | GW32: =$AM32 -> 21 | GX32: =FX32 -> 0 | GY32: =GY$6*(1+GY$5*(-1)^$FQ32)*EXP(-$FQ32/GY$4) -> 8.6560327e-06 | GZ32: =(GX32-GY32)^2 -> 7.4926902e-11 | HA32: =EXP($FQ32/$JG$4)*GX32 -> 0 | HB32: =EXP($FQ32/$JG$4)*(-1)^$FQ32*GX32 -> 0 | HC32: =(-1)^GW32*GX32 -> 0 | HE32: =$AM32 -> 21 | HF32: =GB32 -> 0 | HG32: =HG$6*(1+HG$5*(-1)^$FQ32)*EXP(-$FQ32/HG$4) -> 8.6560327e-06 | HH32: =(HF32-HG32)^2 -> 7.4926902e-11 | HI32: =EXP($FQ32/$JG$4)*HF32 -> 0 | HJ32: =EXP($FQ32/$JG$4)*(-1)^$FQ32*HF32 -> 0 | HK32: =(-1)^HE32*HF32 -> 0 | HM32: =$AM32 -> 21 | HN32: =GF32 -> 0 | HO32: =HO$6*(1+HO$5*(-1)^$FQ32)*EXP(-$FQ32/HO$4) -> 0.00012540609 | HP32: =(HN32-HO32)^2 -> 1.5726687e-08 | HQ32: =EXP($FQ32/$JG$4)*HN32 -> 0 | HR32: =EXP($FQ32/$JG$4)*(-1)^$FQ32*HN32 -> 0 | HS32: =(-1)^HM32*HN32 -> 0 | HU32: =$AM32 -> 21 | HV32: =GJ32 -> 0 | HW32: =HW$6*(1+HW$5*(-1)^$FQ32)*EXP(-$FQ32/HW$4) -> 0.0028777342 | HX32: =(HV32-HW32)^2 -> 8.2813542e-06 | HY32: =EXP($FQ32/$JG$4)*HV32 -> 0 | HZ32: =EXP($FQ32/$JG$4)*(-1)^$FQ32*HV32 -> 0 | IA32: =(-1)^HU32*HV32 -> 0 | IB32: 0 | ID32: =$AM32 -> 21 | IE32: =FZ32 -> 0 | IF32: =IF$6*(1+IF$5*(-1)^$FQ32)*EXP(-$FQ32/IF$4) -> 0.025899798 | IG32: =(IE32-IF32)^2 -> 0.00067079953 | IH32: =EXP($FQ32/$JG$4)*IE32 -> 0 | II32: =EXP($FQ32/$JG$4)*(-1)^$FQ32*IE32 -> 0 | IJ32: =(-1)^ID32*IE32 -> 0 | IK32: 0 | IM32: =$AM32 -> 21 | IN32: =GD32 -> 0 | IO32: =IO$6*(1+IO$5*(-1)^$FQ32)*EXP(-$FQ32/IO$4) -> 0.05450607 | IP32: =(IN32-IO32)^2 -> 0.0029709117 | IQ32: =EXP($FQ32/$JG$4)*IN32 -> 0 | IR32: =EXP($FQ32/$JG$4)*(-1)^$FQ32*IN32 -> 0 | IS32: =(-1)^IM32*IN32 -> 0 | IT32: 0 | IV32: =$AM32 -> 21 | IW32: =GH32 -> 0 | IX32: =IX$6*(1+IX$5*(-1)^$FQ32)*EXP(-$FQ32/IX$4) -> 0.16240941 | IY32: =(IW32-IX32)^2 -> 0.026376816 | IZ32: =EXP($FQ32/$JG$4)*IW32 -> 0 | JA32: =EXP($FQ32/$JG$4)*(-1)^$FQ32*IW32 -> 0 | JB32: =(-1)^IV32*IW32 -> 0 | JC32: 0.063976 | JE32: =$AM32 -> 21 | JF32: =GL32 -> 0 | JG32: =JG$6*(1+JG$5*(-1)^$FQ32)*EXP(-$FQ32/JG$4) -> 0.056421624 | JH32: =(JF32-JG32)^2 -> 0.0031833996 | JI32: =EXP($FQ32/$JG$4)*JF32 -> 0 | JJ32: =EXP($FQ32/$JG$4)*(-1)^$FQ32*JF32 -> 0 | JK32: =(-1)^JE32*JF32 -> 0 | JL32: 0.046246 | JO32: =$AM32 -> 21 | JP32: =GM32 -> 0.50251256 | JQ32: =JQ$6*(1+JQ$5*(-1)^$FQ32)*EXP(-$FQ32/JQ$4) -> 0.51060232 | JR32: =(JP32-JQ32)^2 -> 6.5444226e-05 | JS32: =EXP($FQ32/$JG$4)*JP32 -> 67.925222 | JT32: =EXP($FQ32/$JG$4)*(-1)^$FQ32*JP32 -> -67.925222 | JU32: =(-1)^JO32*JP32 -> -0.50251256
A33: 1 | B33: 1 | C33: =B33-A33 -> 0 | D33: 2 | E33: 2 | F33: =E33-D33 -> 0 | G33: 1 | H33: 1 | I33: =H33-G33 -> 0 | J33: 1 | K33: 1 | L33: =K33-J33 -> 0 | M33: 5 | N33: 6 | O33: =N33-M33 -> 1 | P33: 2 | Q33: 2 | R33: =Q33-P33 -> 0 | S33: 5 | T33: 8 | U33: =T33-S33 -> 3 | V33: 4 | W33: 6 | X33: =W33-V33 -> 2 | Y33: 6 | Z33: 6 | AA33: =Z33-Y33 -> 0 | AB33: 2 | AC33: 6 | AD33: =AC33-AB33 -> 4 | AE33: 5 | AF33: 7 | AG33: =AF33-AE33 -> 2 | AI33: BS | AJ33: =COUNTIFS(T$2:T$1000,2,S$2:S$1000,1) -> 3 | AM33: 22 | AN33: 0 | AO33: 0 | AP33: 0 | AQ33: 0 | AR33: 0 | AS33: 0 | AT33: 0 | AU33: 0 | AV33: 0 | AW33: 0 | AX33: 0 | AY33: 0 | AZ33: 0 | BA33: 0 | BB33: 0 | BC33: 0 | BD33: 0 | BE33: 0 | BF33: 0 | BG33: 0 | BH33: 0 | BI33: 0 | BJ33: 0 | BK33: 0 | BL33: 0 | BM33: 1 | BN33: 1 | BO33: 0 | BP33: 0 | BQ33: 0 | BR33: 0 | BS33: 2 | BT33: 1 | BW33: =$AM33 -> 22 | BX33: =MAX(BX32-AN33/AN$9*100,0) -> 0 | BY33: =MAX(BY32-AO33/AO$9*100,0) -> 0 | BZ33: =MAX(BZ32-AQ33/AQ$9*100,0) -> 0 | CA33: =MAX(CA32-AR33/AR$9*100,0) -> 0 | CB33: =CB$7*EXP(-$AM33/CB$8) -> 8.1607959e-11 | CC33: =(BZ33-CB33)^2 -> 6.659859e-21 | CD33: =MAX(CD32-AT33/AT$9*100,0) -> 0 | CE33: =MAX(CE32-AU33/AU$9*100,0) -> 5.3290705e-15 | CF33: =CF$7*EXP(-$AM33/CF$8) -> 1.6821688e-10 | CG33: =(CD33-CF33)^2 -> 2.8296919e-20 | CH33: =$AM33 -> 22 | CI33: =MAX(CI32-AW33/AW$9*100,0) -> 0 | CJ33: =MAX(CJ32-AX33/AX$9*100,0) -> 0 | CK33: =CK$7*EXP(-$AM33/CK$8) -> 1.2139449e-06 | CL33: =(CI33-CK33)^2 -> 1.4736622e-12 | CM33: =MAX(CM32-AZ33/AZ$9*100,0) -> 0 | CN33: =MAX(CN32-BA33/BA$9*100,0) -> 5.3290705e-15 | CO33: =CO$7*EXP(-$AM33/CO$8) -> 0.0033911915 | CP33: =(CM33-CO33)^2 -> 1.150018e-05 | CQ33: =$AM33 -> 22 | CR33: =MAX(CR32-BC33/BC$9*100,0) -> 0 | CS33: =MAX(CS32-BD33/BD$9*100,0) -> 0 | CT33: =CT$7*EXP(-$AM33/CT$8) -> 4.4066224e-06 | CU33: =(CR33-CT33)^2 -> 1.9418321e-11 | CV33: =MAX(CV32-BF33/BF$9*100,0) -> 8.8817842e-15 | CW33: =MAX(CW32-BG33/BG$9*100,0) -> 1.0050251 | CX33: =CX$7*EXP(-$AM33/CX$8) -> 0.015190016 | CY33: =(CV33-CX33)^2 -> 0.00023073659 | CZ33: =$AM33 -> 22 | DA33: =MAX(DA32-BI33/BI$9*100,0) -> 0 | DB33: =MAX(DB32-BJ33/BJ$9*100,0) -> 9.8809849e-15 | DC33: =DC$7*EXP(-$AM33/DC$8) -> 1.6984314e-05 | DD33: =(DA33-DC33)^2 -> 2.8846692e-10 | DE33: =MAX(DE32-BL33/BL$9*100,0) -> 0.63694268 | DF33: =MAX(DF32-BM33/BM$9*100,0) -> 4.4585987 | DG33: =DG$7*EXP(-$AM33/DG$8) -> 0.49245596 | DH33: =(DE33-DG33)^2 -> 0.020876411 | DI33: =$AM33 -> 22 | DJ33: =MAX(DJ32-BO33/BO$9*100,0) -> 0 | DK33: =MAX(DK32-BP33/BP$9*100,0) -> 9.9920072e-15 | DL33: =DL$7*EXP(-$AM33/DL$8) -> 0.00020627564 | DM33: =(DJ33-DL33)^2 -> 4.254964e-08 | DN33: =MAX(DN32-BR33/BR$9*100,0) -> 2.0100503 | DO33: =MAX(DO32-BS33/BS$9*100,0) -> 6.0301508 | DP33: =DP$7*EXP(-$AM33/DP$8) -> 0.23972243 | DQ33: =(DN33-DP33)^2 -> 3.1340606 | DS33: =$AM33 -> 22 | DT33: =CA33 -> 0 | DU33: =DU$7*EXP(-DS33/DU$8) -> 2.3025532e-08 | DV33: =(DT33-DU33)^2 -> 5.301751e-16 | DX33: =$AM33 -> 22 | DY33: =CM33 -> 0 | DZ33: =DZ$7*EXP(-DX33/DZ$8) -> 0.00067759857 | EA33: =(DY33-DZ33)^2 -> 4.5913982e-07 | EC33: =$AM33 -> 22 | ED33: =CV33 -> 8.8817842e-15 | EE33: =EE$7*EXP(-EC33/EE$8) -> 0.0095505184 | EF33: =(ED33-EE33)^2 -> 9.1212402e-05 | EH33: =$AM33 -> 22 | EI33: =DE33 -> 0.63694268 | EJ33: =EJ$7*EXP(-EH33/EJ$8) -> 0.49041257 | EK33: =(EI33-EJ33)^2 -> 0.021471071 | EM33: =AM33 -> 22 | EN33: =DN33 -> 2.0100503 | EO33: =EO$7*EXP(-EM33/EO$8) -> 0.28941156 | EP33: =(EN33-EO33)^2 -> 2.9605975 | ER33: =$AM33 -> 22 | ES33: =BZ33 -> 0 | ET33: =ET$7*EXP(-ER33/ET$8) -> 7.7280834e-10 | EU33: =(ES33-ET33)^2 -> 5.9723273e-19 | EW33: =$AM33 -> 22 | EX33: =CI33 -> 0 | EY33: =EY$7*EXP(-EW33/EY$8) -> 7.7578084e-09 | EZ33: =(EX33-EY33)^2 -> 6.0183591e-17 | FB33: =$AM33 -> 22 | FC33: =CR33 -> 0 | FD33: =FD$7*EXP(-FB33/FD$8) -> 1.4155218e-07 | FE33: =(FC33-FD33)^2 -> 2.0037021e-14 | FG33: =$AM33 -> 22 | FH33: =DA33 -> 0 | FI33: =FI$7*EXP(-FG33/FI$8) -> 2.3618355e-06 | FJ33: =(FH33-FI33)^2 -> 5.5782667e-12 | FL33: =EM33 -> 22 | FM33: =DJ33 -> 0 | FN33: =FN$7*EXP(-FL33/FN$8) -> 7.2576583e-05 | FO33: =(FM33-FN33)^2 -> 5.2673605e-09 | FQ33: =AM33 -> 22 | FR33: =AN33/AN$9*100 -> 0 | FS33: =AO33/AO$9*100 -> 0 | FT33: =AQ33/AQ$9*100 -> 0 | FU33: =AR33/AR$9*100 -> 0 | FV33: =AT33/AT$9*100 -> 0 | FW33: =AU33/AU$9*100 -> 0 | FX33: =AW33/AW$9*100 -> 0 | FY33: =AX33/AX$9*100 -> 0 | FZ33: =AZ33/AZ$9*100 -> 0 | GA33: =BA33/BA$9*100 -> 0 | GB33: =BC33/BC$9*100 -> 0 | GC33: =BD33/BD$9*100 -> 0 | GD33: =BF33/BF$9*100 -> 0 | GE33: =BG33/BG$9*100 -> 0 | GF33: =BI33/BI$9*100 -> 0 | GG33: =BJ33/BJ$9*100 -> 0 | GH33: =BL33/BL$9*100 -> 0 | GI33: =BM33/BM$9*100 -> 0.63694268 | GJ33: =BO33/BO$9*100 -> 0 | GK33: =BP33/BP$9*100 -> 0 | GL33: =BR33/BR$9*100 -> 0 | GM33: =BS33/BS$9*100 -> 1.0050251 | GO33: =$AM33 -> 22 | GP33: =FT33 -> 0 | GQ33: =GQ$6*(1+GQ$5*(-1)^$FQ33)*EXP(-$FQ33/GQ$4) -> 1.1855613e-05 | GR33: =(GP33-GQ33)^2 -> 1.4055556e-10 | GS33: =EXP($FQ33/$JG$4)*GP33 -> 0 | GT33: =EXP($FQ33/$JG$4)*(-1)^$FQ33*GP33 -> 0 | GU33: =(-1)^GO33*GP33 -> 0 | GW33: =$AM33 -> 22 | GX33: =FX33 -> 0 | GY33: =GY$6*(1+GY$5*(-1)^$FQ33)*EXP(-$FQ33/GY$4) -> 1.1855613e-05 | GZ33: =(GX33-GY33)^2 -> 1.4055556e-10 | HA33: =EXP($FQ33/$JG$4)*GX33 -> 0 | HB33: =EXP($FQ33/$JG$4)*(-1)^$FQ33*GX33 -> 0 | HC33: =(-1)^GW33*GX33 -> 0 | HE33: =$AM33 -> 22 | HF33: =GB33 -> 0 | HG33: =HG$6*(1+HG$5*(-1)^$FQ33)*EXP(-$FQ33/HG$4) -> 1.1855613e-05 | HH33: =(HF33-HG33)^2 -> 1.4055556e-10 | HI33: =EXP($FQ33/$JG$4)*HF33 -> 0 | HJ33: =EXP($FQ33/$JG$4)*(-1)^$FQ33*HF33 -> 0 | HK33: =(-1)^HE33*HF33 -> 0 | HM33: =$AM33 -> 22 | HN33: =GF33 -> 0 | HO33: =HO$6*(1+HO$5*(-1)^$FQ33)*EXP(-$FQ33/HO$4) -> 0.00031390873 | HP33: =(HN33-HO33)^2 -> 9.8538691e-08 | HQ33: =EXP($FQ33/$JG$4)*HN33 -> 0 | HR33: =EXP($FQ33/$JG$4)*(-1)^$FQ33*HN33 -> 0 | HS33: =(-1)^HM33*HN33 -> 0 | HU33: =$AM33 -> 22 | HV33: =GJ33 -> 0 | HW33: =HW$6*(1+HW$5*(-1)^$FQ33)*EXP(-$FQ33/HW$4) -> 0.0055463367 | HX33: =(HV33-HW33)^2 -> 3.0761851e-05 | HY33: =EXP($FQ33/$JG$4)*HV33 -> 0 | HZ33: =EXP($FQ33/$JG$4)*(-1)^$FQ33*HV33 -> 0 | IA33: =(-1)^HU33*HV33 -> 0 | IB33: 0 | ID33: =$AM33 -> 22 | IE33: =FZ33 -> 0 | IF33: =IF$6*(1+IF$5*(-1)^$FQ33)*EXP(-$FQ33/IF$4) -> 0.036024384 | IG33: =(IE33-IF33)^2 -> 0.0012977563 | IH33: =EXP($FQ33/$JG$4)*IE33 -> 0 | II33: =EXP($FQ33/$JG$4)*(-1)^$FQ33*IE33 -> 0 | IJ33: =(-1)^ID33*IE33 -> 0 | IK33: 0 | IM33: =$AM33 -> 22 | IN33: =GD33 -> 0 | IO33: =IO$6*(1+IO$5*(-1)^$FQ33)*EXP(-$FQ33/IO$4) -> 0.089071908 | IP33: =(IN33-IO33)^2 -> 0.0079338047 | IQ33: =EXP($FQ33/$JG$4)*IN33 -> 0 | IR33: =EXP($FQ33/$JG$4)*(-1)^$FQ33*IN33 -> 0 | IS33: =(-1)^IM33*IN33 -> 0 | IT33: 0.000461 | IV33: =$AM33 -> 22 | IW33: =GH33 -> 0 | IX33: =IX$6*(1+IX$5*(-1)^$FQ33)*EXP(-$FQ33/IX$4) -> 0.51964444 | IY33: =(IW33-IX33)^2 -> 0.27003034 | IZ33: =EXP($FQ33/$JG$4)*IW33 -> 0 | JA33: =EXP($FQ33/$JG$4)*(-1)^$FQ33*IW33 -> 0 | JB33: =(-1)^IV33*IW33 -> 0 | JC33: 0.029895 | JE33: =$AM33 -> 22 | JF33: =GL33 -> 0 | JG33: =JG$6*(1+JG$5*(-1)^$FQ33)*EXP(-$FQ33/JG$4) -> 0.29243444 | JH33: =(JF33-JG33)^2 -> 0.085517899 | JI33: =EXP($FQ33/$JG$4)*JF33 -> 0 | JJ33: =EXP($FQ33/$JG$4)*(-1)^$FQ33*JF33 -> 0 | JK33: =(-1)^JE33*JF33 -> 0 | JL33: 0.012798 | JO33: =$AM33 -> 22 | JP33: =GM33 -> 1.0050251 | JQ33: =JQ$6*(1+JQ$5*(-1)^$FQ33)*EXP(-$FQ33/JQ$4) -> 2.4745631 | JR33: =(JP33-JQ33)^2 -> 2.1595418 | JS33: =EXP($FQ33/$JG$4)*JP33 -> 171.60571 | JT33: =EXP($FQ33/$JG$4)*(-1)^$FQ33*JP33 -> 171.60571 | JU33: =(-1)^JO33*JP33 -> 1.0050251
